key,where_it_appears,english,hebrew_draft,arabic_draft,hebrew_yours,arabic_yours
app_name,Launcher and store title,Trades Work Manager,מנהל עבודות,مدير أعمال المهن,,
action_ok,,OK,אישור,موافق,,
action_cancel,,Cancel,ביטול,إلغاء,,
action_save,,Save,שמירה,حفظ,,
action_delete,,Delete,מחיקה,حذف,,
action_edit,,Edit,עריכה,تعديل,,
action_add,,Add,הוספה,إضافة,,
action_close,,Close,סגירה,إغلاق,,
action_back,,Back,חזרה,رجوع,,
action_continue,,Continue,המשך,متابعة,,
action_search,,Search,חיפוש,بحث,,
action_filter,,Filter,סינון,تصفية,,
error_required,,This field is required,שדה חובה,هذا الحقل مطلوب,,
onboarding_welcome_title,,Set the app up for your trade,התאמת האפליקציה לתחום שלך,إعداد التطبيق لمهنتك,,
onboarding_welcome_body,,"Everything works offline. Pick a language and your trades, and your tool and material lists are ready.","הכול עובד ללא אינטרנט. בוחרים שפה ותחומי עבודה, ורשימות הכלים והחומרים מוכנות.",كل شيء يعمل دون إنترنت. اختر لغة ومهنك، وتكون قوائم الأدوات والمواد جاهزة.,,
onboarding_language_title,,Language,שפה,اللغة,,
onboarding_trade_title,,Your trades,תחומי העבודה שלך,مهنك,,
onboarding_trade_body,,Choose one or more. You can change this later in Settings.,אפשר לבחור יותר מאחד. תמיד אפשר לשנות בהגדרות.,يمكنك اختيار أكثر من مهنة. يمكن تغيير ذلك لاحقًا في الإعدادات.,,
onboarding_seeding,,Preparing your catalogues…,מכין את הקטלוגים שלך…,جارٍ تجهيز الكتالوجات…,,
onboarding_select_one,,Select at least one trade,יש לבחור תחום אחד לפחות,اختر مهنة واحدة على الأقل,,
nav_home,,Home,בית,الرئيسية,,
nav_inventory,,Stock,מלאי,المخزون,,
nav_projects,,Projects,פרויקטים,المشاريع,,
nav_schedule,,Schedule,לוח זמנים,الجدول,,
nav_safety,,Safety,בטיחות,السلامة,,
home_today,,Today,היום,اليوم,,
home_low_stock,,Running low,מלאי נמוך,المخزون منخفض,,
home_active_projects,,Active projects,פרויקטים פעילים,مشاريع نشطة,,
home_safety_due,,Safety sign-off due,נדרש אישור בטיחות,مطلوب توقيع سلامة,,
home_no_tasks_today,,Nothing scheduled for today,אין משימות מתוכננות להיום,لا توجد مهام مجدولة اليوم,,
inv_title,,Inventory,מלאי,المخزون,,
inv_search_hint,,"Search name, spec or tag","חיפוש לפי שם, מפרט או תגית",ابحث بالاسم أو المواصفة أو الوسم,,
inv_add_item,,New item,פריט חדש,صنف جديد,,
inv_edit_item,,Edit item,עריכת פריט,تعديل الصنف,,
inv_name,,Name,שם,الاسم,,
inv_category,,Category,קטגוריה,الفئة,,
inv_spec,,Specification,מפרט,المواصفة,,
inv_quantity,,Quantity in stock,כמות במלאי,الكمية في المخزون,,
inv_min_stock,,Low stock threshold,סף מלאי נמוך,حدّ المخزون المنخفض,,
inv_unit,,Unit,יחידת מידה,وحدة القياس,,
inv_price,,Purchase price,מחיר קנייה,سعر الشراء,,
inv_barcode,,Barcode / QR,ברקוד / QR,باركود / QR,,
inv_tags,,Tags,תגיות,الوسوم,,
inv_low_stock,,Low,נמוך,منخفض,,
inv_filter_all,,All,הכול,الكل,,
inv_filter_low,,Low stock,מלאי נמוך,مخزون منخفض,,
inv_stock_add,,Add stock,הוספת מלאי,إضافة مخزون,,
inv_stock_remove,,Use stock,הוצאת מלאי,صرف مخزون,,
inv_history,,Stock history,היסטוריית מלאי,سجل المخزون,,
inv_scan,,Scan a label,סריקת תווית,مسح ملصق,,
inv_from_catalog,,From catalogue,מהקטלוג,من الكتالوج,,
inv_custom,,Custom item,פריט מותאם,صنف مخصّص,,
inv_empty,,No items yet,אין עדיין פריטים,لا توجد أصناف بعد,,
kind_tool,,Tool,כלי עבודה,أداة,,
kind_material,,Material,חומר,مادة,,
kind_safety,,Safety equipment,ציוד בטיחות,معدات سلامة,,
kind_fitting,,Fitting,אביזר,قطعة تركيب,,
kind_consumable,,Consumable,מתכלה,مستهلك,,
kind_other,,Other,אחר,أخرى,,
unit_pcs,,pcs,יח׳,قطعة,,
unit_m,,m,מ׳,م,,
unit_m2,,m²,מ״ר,م²,,
unit_m3,,m³,מ״ק,م³,,
unit_kg,,kg,ק״ג,كغ,,
unit_l,,L,ליטר,لتر,,
unit_roll,,roll,גליל,لفة,,
unit_bag,,bag,שק,كيس,,
unit_pair,,pair,זוג,زوج,,
unit_box,,box,קופסה,علبة,,
proj_title,,Projects,פרויקטים,المشاريع,,
proj_new,,New project,פרויקט חדש,مشروع جديد,,
proj_name,,Project name,שם הפרויקט,اسم المشروع,,
proj_address,,Address,כתובת,العنوان,,
proj_client,,Client,לקוח,الزبون,,
proj_status,,Status,סטטוס,الحالة,,
proj_start,,Start date,תאריך התחלה,تاريخ البدء,,
proj_due,,Due date,תאריך יעד,تاريخ الاستحقاق,,
proj_materials,,Materials and tools,חומרים וכלים,المواد والأدوات,,
proj_tasks,,Tasks,משימות,المهام,,
proj_progress,,Progress,התקדמות,التقدّم,,
proj_from_template,,Start from a template,התחלה מתבנית,البدء من قالب,,
proj_status_planned,,Planned,מתוכנן,مخطّط,,
proj_status_active,,In progress,בביצוע,قيد التنفيذ,,
proj_status_hold,,On hold,מושהה,متوقف,,
proj_status_done,,Completed,הושלם,مكتمل,,
proj_empty,,No projects yet,אין עדיין פרויקטים,لا توجد مشاريع بعد,,
proj_add_material,,Add material,הוספת חומר,إضافة مادة,,
proj_required_qty,,Required,נדרש,مطلوب,,
proj_add_task,,Add task,הוספת משימה,إضافة مهمة,,
proj_task_title,,What has to be done,מה צריך לעשות,ما الذي يجب عمله,,
proj_tasks_empty,,No tasks yet.,אין עדיין משימות.,لا توجد مهام بعد.,,
proj_materials_empty,,Nothing listed yet. Add what this job needs.,עדיין לא נרשם כלום. הוסיפו את מה שהעבודה דורשת.,لم يُسجَّل شيء بعد. أضف ما يحتاجه هذا العمل.,,
proj_material_name,,Material or tool,חומר או כלי,مادة أو أداة,,
proj_material_search,,Search the catalogue,חיפוש בקטלוג,ابحث في الكتالوج,,
proj_quantity,,Quantity,כמות,الكمية,,
proj_unit,,Unit,יחידה,الوحدة,,
photo_section,Project section holding the site plan and progress photos,Plans and photos,תוכניות ותמונות,مخططات وصور,,
photo_add,,Add a plan or photo,הוספת תוכנית או תמונה,إضافة مخطط أو صورة,,
photo_take,,Take a photo,צילום תמונה,التقاط صورة,,
photo_choose,"Pick an existing image — a floor plan sent by the architect, for instance",Choose an image,בחירת תמונה,اختيار صورة,,
photo_set_plan,,Set as the site plan,הגדרה כתוכנית האתר,تعيين كمخطط الموقع,,
photo_plan_badge,,Site plan,תוכנית אתר,مخطط الموقع,,
photo_empty,,No plan or photos yet,אין עדיין תוכנית או תמונות,لا يوجد مخطط أو صور بعد,,
photo_empty_hint,,"Photograph the drawing on the wall, or pick a plan someone sent you.","אפשר לצלם את התוכנית שתלויה בקיר, או לבחור תוכנית שנשלחה אליך.",صوّر المخطط المعلّق على الجدار، أو اختر مخططًا أرسله لك أحدهم.,,
photo_failed,,That image could not be saved,לא ניתן היה לשמור את התמונה,تعذّر حفظ الصورة,,
item_photo,"Photograph of the user's own stock, replacing the category icon",Photo of this item,תמונה של הפריט,صورة الصنف,,
trade_add,Create a trade the app does not ship a catalogue for,Add a trade,הוספת תחום עבודה,إضافة مهنة,,
trade_add_hint,,"For work the app does not cover yet — roofing, landscaping, glazing. It starts empty and you add your own items to it.","לעבודה שהאפליקציה עדיין לא מכסה — גגות, גינון, זגגות. התחום מתחיל ריק ומוסיפים אליו פריטים משלך.",لعمل لا يغطيه التطبيق بعد — أسطح، تنسيق حدائق، زجاج. تبدأ فارغة وتضيف إليها أصنافك.,,
trade_name,,Trade name,שם התחום,اسم المهنة,,
trade_custom,Badge marking a trade the user created,Yours,שלך,خاصتك,,
proj_blank,,Empty project,פרויקט ריק,مشروع فارغ,,
proj_kind,"What sort of place the job is — house, floor, room",Type of place,סוג המקום,نوع المكان,,
proj_kind_other,,Something else,משהו אחר,شيء آخر,,
proj_create,,Create,יצירה,إنشاء,,
proj_start_from,,Start from,להתחיל מ־,ابدأ من,,
proj_blank_hint,,No task list and no materials — a job you fill in yourself.,בלי רשימת משימות ובלי חומרים — עבודה שאתה ממלא בעצמך.,بدون قائمة مهام وبدون مواد — عمل تملؤه بنفسك.,,
proj_view_grid,,Show as cards,תצוגת כרטיסים,عرض كبطاقات,,
proj_view_list,,Show as list,תצוגת רשימה,عرض كقائمة,,
proj_kind_other_hint,,What is this place called?,איך קוראים למקום הזה?,ما اسم هذا المكان؟,,
update_title,,App updates,עדכוני אפליקציה,تحديثات التطبيق,,
update_installed,,Installed version,הגרסה המותקנת,النسخة المثبّتة,,
update_check,,Check for updates,בדיקת עדכונים,التحقق من التحديثات,,
update_checking,,Checking…,בודק…,جارٍ التحقق…,,
update_current,,You are on the latest version,מותקנת הגרסה העדכנית ביותר,لديك أحدث نسخة,,
update_available,,A new version is available,קיימת גרסה חדשה,تتوفر نسخة جديدة,,
update_download,,Download and install,הורדה והתקנה,تنزيل وتثبيت,,
update_downloading,,Downloading…,מוריד…,جارٍ التنزيل…,,
update_install,,Install,התקנה,تثبيت,,
update_failed,,Could not check for updates. Try again when you have a signal.,לא ניתן היה לבדוק עדכונים. נסה שוב כשיש קליטה.,تعذّر التحقق من التحديثات. حاول مجددًا عند توفر إشارة.,,
update_permission,Android asks the user to allow this app to install apps,Android will ask you to allow this app to install updates. That permission is only used for this app's own updates.,אנדרואיד יבקש לאשר לאפליקציה להתקין עדכונים. ההרשאה משמשת אך ורק לעדכוני האפליקציה עצמה.,سيطلب أندرويد السماح لهذا التطبيق بتثبيت التحديثات. تُستخدم هذه الصلاحية لتحديثات التطبيق نفسه فقط.,,
update_notes,,What changed,מה השתנה,ما الذي تغيّر,,
sch_new_block,,New time block,משבצת זמן חדשה,فترة زمنية جديدة,,
sch_start,,Start,התחלה,البداية,,
sch_end,,End,סיום,النهاية,,
sch_task,,Task,משימה,المهمة,,
sch_assignee,,Assigned to,משויך ל,مُسنَد إلى,,
sch_check_in,,Check in,כניסה,تسجيل دخول,,
sch_check_out,,Check out,יציאה,تسجيل خروج,,
sch_empty,,Nothing scheduled,אין משימות מתוכננות,لا شيء مجدول,,
sch_previous_day,,Previous day,יום קודם,اليوم السابق,,
sch_next_day,,Next day,יום הבא,اليوم التالي,,
saf_title,,Safety,בטיחות,السلامة,,
saf_mandatory,,Required before work,חובה לפני תחילת עבודה,إلزامي قبل بدء العمل,,
saf_critical,,Critical,קריטי,حرج,,
saf_pass,,Done,בוצע,تم,,
saf_fail,,Not done,לא בוצע,لم يتم,,
saf_na,,Not applicable,לא רלוונטי,غير منطبق,,
saf_sign_off,,Sign off,חתימה,توقيع,,
saf_signed_by,,Signed by,נחתם על ידי,وقّعه,,
saf_blocked,,A critical item is not done. Work must not start.,פריט קריטי לא בוצע. אין להתחיל בעבודה.,بند حرج لم يُنفَّذ. يُمنع بدء العمل.,,
saf_references,,Standards and regulations,תקנים ותקנות,المواصفات والأنظمة,,
saf_empty,,No checklists for your trades,אין תדריכים לתחומים שנבחרו,لا توجد قوائم فحص لمهنك,,
saf_disclaimer,,Standard references are a pointer for the site file. They do not replace the published text of the standard or regulation.,אזכורי התקנים הם הפניה לתיק האתר. אין בהם תחליף לנוסח המלא של התקן או התקנה.,الإشارات إلى المواصفات مرجع لملف الموقع. وهي لا تُغني عن النص الكامل للمواصفة أو النظام.,,
set_title,,Settings,הגדרות,الإعدادات,,
set_language,,Language,שפה,اللغة,,
set_theme,,Appearance,מראה,المظهر,,
set_theme_system,,Follow the system,לפי הגדרת המכשיר,حسب إعداد الجهاز,,
set_theme_light,,Light,בהיר,فاتح,,
set_theme_dark,,Dark,כהה,داكن,,
set_large_text,,Larger text,טקסט גדול,خط أكبر,,
set_trades,,My trades,תחומי העבודה שלי,مهني,,
set_security,,Security,אבטחה,الأمان,,
set_encrypt,,Encrypt data on this device,הצפנת הנתונים במכשיר,تشفير البيانات على الجهاز,,
set_export,,Export my data,ייצוא הנתונים שלי,تصدير بياناتي,,
set_delete_data,,Delete my account and data,מחיקת החשבון והנתונים שלי,حذف حسابي وبياناتي,,
set_privacy,,Privacy policy,מדיניות פרטיות,سياسة الخصوصية,,
set_terms,,Terms of service,תנאי שימוש,شروط الاستخدام,,
set_about,,About,אודות,حول,,
set_catalog_version,,Catalogue version,גרסת קטלוג,إصدار الكتالوج,,
set_reseed,,Reload catalogues,טעינת הקטלוגים מחדש,إعادة تحميل الكتالوجات,,
set_reseed_note,,Adds catalogue items that are missing. Your own items and quantities are never touched.,מוסיף פריטי קטלוג חסרים. הפריטים והכמויות שלך אינם משתנים.,يضيف أصناف الكتالوج الناقصة. أصنافك وكمياتك لا تتغيّر.,,
perm_camera_title,,Camera,מצלמה,الكاميرا,,
perm_camera_body,,"Used to photograph items and site progress, and to scan barcodes. Photos stay on this device unless you sync.",משמשת לצילום פריטים והתקדמות באתר ולסריקת ברקודים. התמונות נשארות במכשיר אלא אם מסונכרנות.,تُستخدم لتصوير الأصناف وتقدّم العمل ولمسح الباركود. تبقى الصور على الجهاز ما لم تتم المزامنة.,,
perm_location_body,,"Optional. Stamps check-ins, site photos and incident reports with where they happened. The app works fully without it.","אופציונלי. מוסיף חותמת מיקום לכניסות, לתמונות אתר ולדיווחי אירוע. האפליקציה עובדת במלואה גם בלעדיו.",اختياري. يضيف ختم الموقع لتسجيلات الدخول وصور الموقع وتقارير الحوادث. يعمل التطبيق بالكامل بدونه.,,
perm_allow,,Allow,אישור,السماح,,
perm_not_now,,Not now,לא עכשיו,ليس الآن,,
audit_created,,Created,נוצר,أُنشئ,,
audit_updated,,Updated,עודכן,حُدِّث,,
audit_deleted,,Deleted,נמחק,حُذف,,
audit_stock_change,,Stock changed,המלאי השתנה,تغيّر المخزون,,
audit_signed,,Signed,נחתם,وُقِّع,,
acc_welcome,,Set up this device,הגדרת המכשיר,إعداد هذا الجهاز,,
acc_welcome_hint,,Everything stays on this phone and works with no signal. You can add people later.,הכול נשאר בטלפון הזה ועובד גם בלי קליטה. אפשר להוסיף אנשים בהמשך.,كل شيء يبقى على هذا الهاتف ويعمل بدون إشارة. يمكنك إضافة أشخاص لاحقًا.,,
acc_personal,,Just me,רק אני,أنا فقط,,
acc_personal_hint,,"One person, your own tools and jobs.","אדם אחד, הכלים והעבודות שלך.",شخص واحد، أدواتك وأعمالك.,,
acc_company,,A company,חברה,شركة,,
acc_company_hint,,"Several people, each seeing the part of the work that is theirs.","כמה אנשים, כל אחד רואה את החלק שלו בעבודה.",عدة أشخاص، كل منهم يرى الجزء الخاص به من العمل.,,
acc_your_name,,Full name,שם מלא,الاسم الكامل,,
acc_company_name,,Company name,שם החברה,اسم الشركة,,
acc_reg_number,,Company number (optional),ח.פ. / ע.מ. (לא חובה),رقم الشركة (اختياري),,
acc_reg_hint,,Goes on invoices. You can add it later.,מופיע בחשבוניות. אפשר להוסיף מאוחר יותר.,يظهر في الفواتير. يمكن إضافته لاحقًا.,,
acc_passcode,,Passcode,קוד כניסה,رمز الدخول,,
acc_passcode_hint,,At least 4 digits. Leave empty for no passcode.,לפחות 4 ספרות. השאירו ריק כדי לא להשתמש בקוד.,٤ أرقام على الأقل. اتركه فارغًا لعدم استخدام رمز.,,
acc_passcode_short,,At least 4 digits.,לפחות 4 ספרות.,٤ أرقام على الأقل.,,
acc_create,,Create,יצירה,إنشاء,,
acc_sign_in,,Sign in,כניסה,تسجيل الدخول,,
acc_sign_out,,Sign out,יציאה,تسجيل الخروج,,
acc_signed_in_as,,Signed in as,מחובר כ־,مسجّل الدخول باسم,,
people_title,,People,אנשים,الأشخاص,,
people_add,,Add someone,הוספת אדם,إضافة شخص,,
people_role,,What they do,התפקיד,الدور,,
people_remove,,Remove from company,הסרה מהחברה,إزالة من الشركة,,
people_last_admin,,"There has to be one owner left, or nobody can reach the company's data.","חייב להישאר בעלים אחד, אחרת אף אחד לא יוכל להגיע לנתוני החברה.",يجب أن يبقى مالك واحد، وإلا لن يصل أحد إلى بيانات الشركة.,,
people_empty,,Only you so far. Add the people who work with you.,בינתיים רק אתם. הוסיפו את מי שעובד אתכם.,أنت فقط حتى الآن. أضف من يعمل معك.,,
role_owner,,Owner,בעלים,مالك,,
role_owner_hint,,"Everything, including who else is here.","הכול, כולל מי עוד נמצא כאן.",كل شيء، بما في ذلك من يوجد هنا.,,
role_manager,,Manager,מנהל עבודה,مدير,,
role_manager_hint,,"Runs the jobs. Sees costs, does not change them.","מנהל את העבודות. רואה עלויות, לא משנה אותן.",يدير الأعمال. يرى التكاليف ولا يغيّرها.,,
role_finance,,Finance,כספים,المالية,,
role_finance_hint,,The money work. Does not see the schedule.,עבודת הכספים. לא רואה את לוח הזמנים.,العمل المالي. لا يرى الجدول الزمني.,,
role_hr,,Human resources,משאבי אנוש,الموارد البشرية,,
role_hr_hint,,People and their certifications.,אנשים וההסמכות שלהם.,الأشخاص وشهاداتهم.,,
role_worker,,On the tools,עובד בשטח,عامل في الموقع,,
role_worker_hint,,Does the work and records it.,מבצע את העבודה ומתעד אותה.,ينفّذ العمل ويوثّقه.,,
lens_locked,,Not part of your work,לא חלק מהעבודה שלך,ليس جزءًا من عملك,,
money_title,,Money,כספים,المالية,,
money_empty,,No contract value set yet.,עדיין לא הוגדר שווי חוזה.,لم يتم تحديد قيمة العقد بعد.,,
money_contract,,Contract,חוזה,العقد,,
money_revised,,Revised contract,חוזה מעודכן,العقد المعدّل,,
money_cost,,Cost to date,עלות עד היום,التكلفة حتى اليوم,,
money_committed,,Committed,מחויב,ملتزَم,,
money_committed_hint,,"Priced materials on the job sheet, not yet bought.",חומרים מתומחרים בגיליון העבודה שטרם נרכשו.,مواد مسعّرة في ورقة العمل ولم تُشترَ بعد.,,
money_margin,,Margin,רווח,الهامش,,
money_forecast,,Forecast margin,רווח צפוי,الهامش المتوقع,,
money_invoiced,,Invoiced,חויב,تمت الفوترة,,
money_uninvoiced,,Not yet invoiced,טרם חויב,لم تتم فوترته بعد,,
money_outstanding,,Owed to you,חייבים לך,مستحق لك,,
money_over,,Over budget,חריגה מהתקציב,تجاوز الميزانية,,
money_over_soon,,Heading over budget,בדרך לחריגה,في طريقه لتجاوز الميزانية,,
money_ex_vat,,before VAT,"לפני מע""מ",قبل الضريبة,,
money_inc_vat,,with VAT,"כולל מע""מ",شامل الضريبة,,
money_vat_rate,,VAT rate,"שיעור מע""מ",نسبة الضريبة,,
money_set_budget,,Set contract value,הגדרת שווי חוזה,تحديد قيمة العقد,,
money_amount,,Amount,סכום,المبلغ,,
money_costs,,Costs,עלויות,التكاليف,,
money_add_cost,,Add a cost,הוספת עלות,إضافة تكلفة,,
money_costs_empty,,Nothing spent on this job yet.,עדיין לא הוצא כסף על העבודה הזו.,لم يُنفق شيء على هذا العمل بعد.,,
money_description,,What it was for,עבור מה,لماذا كان,,
money_supplier_ref,,Supplier invoice no. (optional),מס' חשבונית ספק (לא חובה),رقم فاتورة المورّد (اختياري),,
money_variations,,Variations,שינויים,التغييرات,,
money_add_variation,,Raise a variation,פתיחת שינוי,فتح تغيير,,
money_variations_empty,,No extra work raised.,לא נפתחו עבודות נוספות.,لم تُفتح أعمال إضافية.,,
money_variation_hint,,"Extra work, or work taken away. A negative amount is an omission.",עבודה נוספת או עבודה שהוסרה. סכום שלילי הוא הפחתה.,عمل إضافي أو عمل تم حذفه. المبلغ السالب يعني حذفًا.,,
money_approve,,Approve,אישור,موافقة,,
money_reject,,Reject,דחייה,رفض,,
money_proposed,,Awaiting decision,ממתין להחלטה,بانتظار القرار,,
money_approved,,Approved,אושר,مُعتمد,,
money_rejected,,Rejected,נדחה,مرفوض,,
money_invoices,,Invoices,חשבוניות,الفواتير,,
money_add_invoice,,Raise an invoice,הפקת חשבונית,إصدار فاتورة,,
money_invoices_empty,,Nothing invoiced yet.,טרם הופקו חשבוניות.,لم تُصدر فواتير بعد.,,
money_invoice_no,,Invoice number,מספר חשבונית,رقم الفاتورة,,
money_mark_paid,,Mark as paid,סימון כשולם,تعليم كمدفوع,,
money_paid,,Paid,שולם,مدفوع,,
money_sent,,Sent,נשלח,مُرسل,,
cost_material,,Materials,חומרים,مواد,,
cost_labour,,Labour,עבודה,عمالة,,
cost_plant,,Plant hire,השכרת ציוד,تأجير معدات,,
cost_subcontractor,,Subcontractor,קבלן משנה,مقاول من الباطن,,
cost_other,,Other,אחר,أخرى,,
cert_title,,Tickets,הסמכות,الشهادات,,
cert_add,,Add a ticket,הוספת הסמכה,إضافة شهادة,,
cert_name,,What it is for,עבור מה,لماذا هي,,
cert_reference,,Certificate number (optional),מספר תעודה (לא חובה),رقم الشهادة (اختياري),,
cert_expires,,Expires,בתוקף עד,صالحة حتى,,
cert_expires_hint,,"Day, month, year: 31.03.2026. Leave empty if it does not expire.","יום, חודש, שנה: 31.03.2026. השאירו ריק אם אין תפוגה.",يوم، شهر، سنة: 31.03.2026. اتركه فارغًا إن كانت لا تنتهي.,,
cert_no_expiry,,No expiry,ללא תפוגה,بدون انتهاء,,
cert_expired,,Expired,פג תוקף,منتهية,,
cert_empty,,No tickets recorded.,לא נרשמו הסמכות.,لم تُسجَّل شهادات.,,
cert_attention,,Tickets needing attention,הסמכות שדורשות טיפול,شهادات تحتاج انتباهًا,,
cert_date_bad,,"Type the day, month and year, like 31.03.2026.","הקלידו יום, חודש ושנה, למשל 31.03.2026.",اكتب اليوم والشهر والسنة، مثل 31.03.2026.,,
home_overdue,,Overdue,באיחור,متأخر,,
home_book,,Across all jobs,בכל העבודות,في كل الأعمال,,
home_owed,,Owed to you,חייבים לך,مستحق لك,,
home_tickets,,Tickets,הסמכות,الشهادات,,
home_margin,,Margin,רווח,الهامش,,
plant_title,,Plant,ציוד,المعدات,,
plant_add,,Add plant,הוספת ציוד,إضافة معدات,,
plant_empty,,No plant on the books. Add what you own or hire.,אין ציוד רשום. הוסיפו מה שבבעלותכם או בהשכרה.,لا توجد معدات مسجّلة. أضف ما تملكه أو تستأجره.,,
plant_name,,What it is,מה זה,ما هو,,
plant_serial,,Serial number (optional),מספר סידורי (לא חובה),الرقم التسلسلي (اختياري),,
plant_owned,,Owned,בבעלות,مملوكة,,
plant_hired,,Hired,בהשכרה,مستأجرة,,
plant_rate,,Hire per day,עלות ליום,التكلفة يوميًا,,
plant_service,,Next service,טיפול הבא,الصيانة القادمة,,
plant_serviced,,Mark as serviced,סימון כטופל,تعليم كمُصان,,
plant_service_due,,Service due,נדרש טיפול,الصيانة مستحقة,,
plant_overdue,,Service overdue,טיפול באיחור,الصيانة متأخرة,,
plant_available,,In the yard,במחסן,في المستودع,,
plant_on_site,,On site,באתר,في الموقع,,
plant_maintenance,,In for repair,בתיקון,في الإصلاح,,
plant_off_hire,,Off hire,הוחזר,أُعيدت,,
plant_assign,,Send to a job,שליחה לעבודה,إرسال إلى عمل,,
plant_unassign,,Back to the yard,חזרה למחסן,العودة إلى المستودع,,
plant_accrued,,Hire so far,עלות השכרה עד כה,تكلفة الاستئجار حتى الآن,,
po_title,,Orders,הזמנות,الطلبيات,,
po_new,,New order,הזמנה חדשה,طلبية جديدة,,
po_empty,,No orders yet. Raise one when you order materials.,אין הזמנות. פתחו הזמנה כשמזמינים חומרים.,لا توجد طلبيات. افتح واحدة عند طلب المواد.,,
po_supplier,,Supplier,ספק,المورّد,,
po_for_job,,For which job,עבור איזו עבודה,لأي عمل,,
po_yard,,The yard,המחסן,المستودع,,
po_lines,,What you are ordering,מה מזמינים,ما الذي تطلبه,,
po_lines_empty,,Nothing on this order yet.,עדיין אין פריטים בהזמנה.,لا توجد أصناف في الطلبية بعد.,,
po_add_line,,Add a line,הוספת שורה,إضافة سطر,,
po_unit_price,,Price each,מחיר ליחידה,سعر الوحدة,,
po_place,,Place the order,שליחת הזמנה,إرسال الطلبية,,
po_receive,,Book in a delivery,רישום משלוח,تسجيل توريد,,
po_received_of,,received of,התקבלו מתוך,وصلت من أصل,,
po_total,,Order total,סך ההזמנה,إجمالي الطلبية,,
po_outstanding,,Still to come,טרם הגיע,لم يصل بعد,,
po_status_draft,,Draft,טיוטה,مسودة,,
po_status_ordered,,Ordered,הוזמן,تم الطلب,,
po_status_part,,Part delivered,התקבל חלקית,وصلت جزئيًا,,
po_status_received,,Delivered,התקבל,وصلت,,
po_status_cancelled,,Cancelled,בוטל,أُلغيت,,
po_cancel,,Cancel the order,ביטול הזמנה,إلغاء الطلبية,,
po_draft_note,,A draft costs nothing. Place it and it counts against the job.,טיוטה לא נספרת. שלחו אותה והיא תיזקף לעבודה.,المسودة لا تُحتسب. أرسلها لتُحتسب على العمل.,,
update_none,,No version has been published yet.,עדיין לא פורסמה גרסה.,لم تُنشر أي نسخة بعد.,,
tbt_title,,Toolbox talks,שיחות בטיחות,محادثات السلامة,,
tbt_new,,Record a talk,רישום שיחה,تسجيل محادثة,,
tbt_empty,,No talks recorded. A briefing nobody wrote down did not happen.,לא נרשמו שיחות. תדריך שלא נרשם — לא התקיים.,لا توجد محادثات مسجّلة. تعليمات لم تُسجَّل لم تحدث.,,
tbt_topic,,Topic,נושא,الموضوع,,
tbt_presenter,,Given by,העביר,قدّمها,,
tbt_notes,,What was covered,מה נאמר,ما تم تناوله,,
tbt_register,,Who was there,מי נכח,من حضر,,
tbt_register_empty,,Nobody has signed in. A talk with an empty register records nothing.,אף אחד לא נרשם. שיחה בלי רשימת נוכחות לא מתעדת דבר.,لم يسجّل أحد حضوره. محادثة بلا كشف حضور لا توثّق شيئًا.,,
tbt_sign_in,,Sign somebody in,הוספת נוכח,إضافة حاضر,,
tbt_name,,Name,שם,الاسم,,
tbt_crew,,From the crew,מהצוות,من الطاقم,,
tbt_visitor,,Somebody else,אדם אחר,شخص آخر,,
tbt_overdue_title,,Who needs briefing,מי זקוק לתדריך,من يحتاج إلى تعليمات,,
tbt_never,,Never briefed,מעולם לא תודרך,لم يُبلَّغ قط,,
tbt_all_briefed,,Everybody has been briefed this quarter.,כל הצוות תודרך ברבעון הזה.,الجميع تلقّى تعليمات هذا الربع.,,
ptw_title,,Permits to work,היתרי עבודה,تصاريح العمل,,
ptw_new,,Raise a permit,פתיחת היתר,إصدار تصريح,,
ptw_empty,,"No permits. Raise one before hot work, height, a confined space, digging or an isolation.","אין היתרים. פתחו היתר לפני עבודה חמה, עבודה בגובה, חלל מוקף, חפירה או ניתוק חשמלי.",لا توجد تصاريح. أصدر تصريحًا قبل الأعمال الساخنة أو العمل على ارتفاع أو حيز مغلق أو الحفر أو العزل.,,
ptw_type,,What kind of work,סוג העבודה,نوع العمل,,
ptw_description,,The job,העבודה,العمل,,
ptw_location,,Where on site,היכן באתר,أين في الموقع,,
ptw_issued_to,,Who is doing the work,מבצע העבודה,منفّذ العمل,,
ptw_issued_by,,Issued by,מנפיק ההיתר,مُصدِر التصريح,,
ptw_precautions,,Before work starts,לפני תחילת העבודה,قبل بدء العمل,,
ptw_issue,,Issue the permit,הנפקת ההיתר,إصدار التصريح,,
ptw_issue_blocked,,Every precaution has to be ticked before this permit can be issued.,יש לסמן את כל אמצעי הזהירות לפני הנפקת ההיתר.,يجب وضع علامة على كل إجراءات الوقاية قبل إصدار التصريح.,,
ptw_valid_from,,Valid from,בתוקף מ,ساري من,,
ptw_valid_to,,Valid until,בתוקף עד,ساري حتى,,
ptw_close,,Sign the permit back,החזרת ההיתר,إعادة تسليم التصريح,,
ptw_close_notes,,Area left safe — anything to note,השטח הושאר בטוח — הערות,المنطقة تُركت آمنة — ملاحظات,,
ptw_cancel,,Withdraw the permit,ביטול ההיתר,سحب التصريح,,
ptw_expired_note,,This permit has run out. It authorises nothing. Sign it back once the area is safe.,תוקף ההיתר פג. הוא אינו מתיר דבר. החזירו אותו לאחר שהשטח בטוח.,انتهت صلاحية هذا التصريح. لم يعد يجيز أي عمل. أعِده بعد تأمين المنطقة.,,
ptw_state_draft,,Draft,טיוטה,مسودة,,
ptw_state_pending,,Not started yet,טרם החל,لم يبدأ بعد,,
ptw_state_active,,Live,בתוקף,ساري,,
ptw_state_expiring,,Running out,עומד לפוג,على وشك الانتهاء,,
ptw_state_expired,,Expired — work must stop,פג — יש להפסיק את העבודה,منتهٍ — يجب إيقاف العمل,,
ptw_state_closed,,Signed back,הוחזר,أُعيد تسليمه,,
ptw_state_cancelled,,Withdrawn,בוטל,مسحوب,,
ptw_type_hot,,Hot work,עבודה חמה,أعمال ساخنة,,
ptw_type_height,,Work at height,עבודה בגובה,العمل على ارتفاع,,
ptw_type_confined,,Confined space,כניסה לחלל מוקף,دخول حيز مغلق,,
ptw_type_excavation,,Excavation,חפירה,حفريات,,
ptw_type_electrical,,Electrical isolation,ניתוק חשמלי,عزل كهربائي,,
ptw_hot_1,,Fire extinguisher within reach of the work,מטף כיבוי בהישג יד ממקום העבודה,طفاية حريق في متناول اليد من مكان العمل,,
ptw_hot_2,,Combustibles cleared or covered within 10 metres,חומרים דליקים הורחקו או כוסו ברדיוס 10 מטר,المواد القابلة للاشتعال أُبعدت أو غُطيت ضمن 10 أمتار,,
ptw_hot_3,,Fire watch during the work and for 30 minutes after,צופה אש במהלך העבודה ו-30 דקות אחריה,مراقب حريق أثناء العمل ولمدة 30 دقيقة بعده,,
ptw_hot_4,,"Gas cylinders upright and secured, hoses checked","בלוני גז זקופים ומעוגנים, הצינורות נבדקו",أسطوانات الغاز قائمة ومثبّتة، والخراطيم مفحوصة,,
ptw_height_1,,Anchor point checked and rated for the load,נקודת עיגון נבדקה ומתאימה לעומס,نقطة التثبيت مفحوصة ومناسبة للحمل,,
ptw_height_2,,Harness and lanyard inspected today,רתמה וחבל קשירה נבדקו היום,الحزام والحبل تم فحصهما اليوم,,
ptw_height_3,,Edge protection or fall arrest in place,מעקות או מערכת בלימת נפילה מותקנים,حواجز الحافة أو نظام إيقاف السقوط مركّب,,
ptw_height_4,,The area below is closed off,השטח שמתחת נסגר למעבר,المنطقة أسفل العمل مغلقة,,
ptw_confined_1,,Atmosphere tested before entry,האוויר נבדק לפני הכניסה,تم فحص الهواء قبل الدخول,,
ptw_confined_2,,Ventilation running continuously,אוורור פועל ברציפות,التهوية تعمل باستمرار,,
ptw_confined_3,,Attendant stationed at the entrance,משגיח מוצב בפתח,مراقب متمركز عند المدخل,,
ptw_confined_4,,Rescue plan agreed and the equipment is on site,תוכנית חילוץ סוכמה והציוד באתר,خطة إنقاذ متفق عليها والمعدات في الموقع,,
ptw_exc_1,,Underground services located and marked,תשתיות תת-קרקעיות אותרו וסומנו,الخدمات تحت الأرض حُددت ووُسمت,,
ptw_exc_2,,Sides supported or battered back,דפנות נתמכו או שופעו,الجوانب مدعّمة أو مائلة,,
ptw_exc_3,,Edge barriers up and a ladder for access,מעקות בשפת החפירה וסולם לירידה,حواجز عند الحافة وسلّم للنزول,,
ptw_exc_4,,Spoil and plant kept back from the edge,ערמות עפר וכלים הורחקו משפת החפירה,الأتربة والمعدات مُبعدة عن الحافة,,
ptw_elec_1,,Circuit isolated and locked off,המעגל נותק וננעל,الدائرة معزولة ومقفلة,,
ptw_elec_2,,Proved dead with a tester proved before and after,נבדק כמנותק במכשיר שנבדק לפני ואחרי,تم إثبات انعدام الجهد بجهاز فُحص قبل وبعد,,
ptw_elec_3,,Warning notice fitted at the isolation point,שלט אזהרה הוצב בנקודת הניתוק,لافتة تحذير مثبّتة عند نقطة العزل,,
ptw_elec_4,,Keys held by the person doing the work,המפתחות בידי מבצע העבודה,المفاتيح بحوزة منفّذ العمل,,
time_now,,Now,עכשיו,الآن,,
time_tomorrow_morning,"When an Israeli site starts, for a permit written up the evening before",Tomorrow 07:00,מחר 07:00,غدًا 07:00,,
sign_here,,Sign here with your finger,חתמו כאן באצבע,وقّع هنا بإصبعك,,
sign_clear,,Clear,ניקוי,مسح,,
acc_sign_in_title,,Sign in,כניסה,تسجيل الدخول,,
acc_identifier,,Username or ID number,שם משתמש או מספר זהות,اسم المستخدم أو رقم الهوية,,
acc_identifier_hint,,Whichever your site office gave you. Both work.,מה שקיבלתם ממשרד האתר. שניהם עובדים.,أيهما أعطاك مكتب الموقع. كلاهما يصلح.,,
acc_password,,Password,סיסמה,كلمة المرور,,
acc_password_blank_hint,,Leave blank if you were not given one.,השאירו ריק אם לא קיבלתם סיסמה.,اتركه فارغًا إن لم تُعطَ كلمة مرور.,,
acc_wrong_credentials,,That does not match. Check with whoever set you up.,אין התאמה. בדקו מול מי שפתח לכם את החשבון.,لا يوجد تطابق. راجع من أنشأ حسابك.,,
acc_id_number,,ID number,מספר תעודת זהות,رقم الهوية,,
acc_id_number_hint,,Teudat Zehut or passport. Names on a site repeat; this does not.,"תעודת זהות או דרכון. שמות באתר חוזרים על עצמם, המספר לא.",الهوية أو جواز السفر. الأسماء تتكرر في الموقع، والرقم لا.,,
acc_id_taken,,Somebody is already signed up with that ID number.,כבר קיים משתמש עם מספר הזהות הזה.,يوجد مستخدم مسجّل بهذا الرقم بالفعل.,,
ind_title,,Before you start,לפני שמתחילים,قبل أن تبدأ,,
ind_intro_worker,,"Read this, then sign. It takes a minute, and it is the only thing on this phone that can stop you getting hurt.","קראו וחתמו. זה לוקח דקה, וזה הדבר היחיד בטלפון הזה שיכול למנוע מכם להיפגע.",اقرأ ثم وقّع. يستغرق دقيقة، وهو الشيء الوحيد في هذا الهاتف الذي قد يمنع إصابتك.,,
ind_intro_supervisor,,"Read this, then sign. All of it is also what you are about to enforce on everybody else.",קראו וחתמו. כל מה שכאן הוא גם מה שאתם עומדים לאכוף על כל האחרים.,اقرأ ثم وقّع. كل ما هنا هو أيضًا ما ستفرضه على الجميع.,,
ind_ppe_heading,,What you wear,מה לובשים,ما ترتديه,,
ind_photo,,A photograph of you,תמונה שלכם,صورة لك,,
ind_photo_hint,,So the site office can put a face to the name at the gate.,כדי שמשרד האתר יוכל לקשר בין הפנים לשם בשער.,ليتمكن مكتب الموقع من ربط الوجه بالاسم عند البوابة.,,
ind_id_photo,,A photograph of your ID,תמונה של תעודת הזהות,صورة لبطاقة هويتك,,
ind_id_photo_hint,,Kept on this device only. It never leaves the phone.,נשמרת במכשיר הזה בלבד. היא לא יוצאת מהטלפון.,تُحفظ على هذا الجهاز فقط. لا تغادر الهاتف.,,
ind_sign_heading,,Sign to say you have read it,חתמו כדי לאשר שקראתם,وقّع لتأكيد أنك قرأت,,
ind_confirm,,I have read this — let me in,קראתי — כניסה לאפליקציה,قرأت — ادخل إلى التطبيق,,
ind_must_sign,,Sign above before you can continue.,יש לחתום למעלה כדי להמשיך.,وقّع أعلاه قبل المتابعة.,,
ind_must_read,,Read to the bottom first.,קראו עד הסוף קודם.,اقرأ حتى النهاية أولًا.,,
ind_hat,,Hard hat,כובע מגן,خوذة واقية,,
ind_hat_body,,"On site, always. On your head, not in your hand.","באתר, תמיד. על הראש, לא ביד.",في الموقع، دائمًا. على رأسك، لا في يدك.,,
ind_vis,,High-visibility jacket,אפוד זוהר,سترة عاكسة,,
ind_vis_body,,"Reflective, whatever the colour. A plant driver sees the jacket before they see you, and after dark they see nothing else.","מחזיר אור, בכל צבע. מפעיל כלי כבד רואה את האפוד לפני שהוא רואה אתכם, ובחושך הוא לא רואה שום דבר אחר.",عاكسة، بأي لون كانت. سائق المعدة يرى السترة قبل أن يراك، وبعد حلول الظلام لا يرى سواها.,,
ind_boots,,Safety boots,נעלי בטיחות,أحذية أمان,,
ind_boots_body,,Steel toe and a protected sole. A nail goes through a trainer without slowing down.,כיפת פלדה וסוליה מוגנת. מסמר עובר דרך נעל ספורט בלי להאט.,مقدمة فولاذية ونعل محمي. المسمار يخترق الحذاء الرياضي دون أن يتباطأ.,,
ind_gloves,,Gloves,כפפות,قفازات,,
ind_gloves_body,,"For the job in hand: cut-resistant near blades, insulated in the cold. Never near a turning bit — a glove that catches takes the hand with it.","לפי העבודה: עמידות לחיתוך ליד להבים, מבודדות בקור. לעולם לא ליד מקדח מסתובב — כפפה שנתפסת לוקחת איתה את היד.",حسب العمل: مقاومة للقطع قرب الشفرات، وعازلة في البرد. أبدًا قرب لقمة دوّارة — القفاز الذي يعلق يأخذ اليد معه.,,
ind_eyes,,Eye protection,משקפי מגן,نظارات واقية,,
ind_eyes_body,,"Cutting, grinding, drilling, chasing, and anything at all above your head.","חיתוך, השחזה, קידוח, חריצה, וכל עבודה מעל הראש.",القطع والجلخ والثقب والتخديد وأي عمل فوق الرأس.,,
ind_ears,,Ear protection,מגני אוזניים,واقيات الأذن,,
ind_ears_body,,Breakers and cut-off saws. Hearing does not come back.,מקבות חשמליות ומסורי דיסק. שמיעה שאובדת לא חוזרת.,المطارق الهيدروليكية ومناشير القطع. السمع لا يعود.,,
ind_stop,,"If it is not safe, stop",אם זה לא בטוח — עצרו,إن لم يكن آمنًا، توقّف,,
ind_stop_body,,Stop and say so. Nobody on this job is in trouble for stopping work.,עצרו ואמרו. אף אחד בעבודה הזאת לא ייענש על עצירת עבודה.,توقّف وقُل. لا أحد في هذا العمل يُعاقَب على إيقاف العمل.,,
ind_where,,Know where things are,דעו איפה הדברים,اعرف أين الأشياء,,
ind_where_body,,"First-aid kit and assembly point — find them today, not on the day you need them.","ערכת עזרה ראשונה ונקודת התכנסות — אתרו אותן היום, לא ביום שתצטרכו.",حقيبة الإسعافات ونقطة التجمّع — اعرف مكانهما اليوم، لا يوم تحتاجهما.,,
ind_sup_heading,,What you are responsible for,על מה אתם אחראים,ما أنت مسؤول عنه,,
ind_sup_enforce,,The kit above is yours to enforce,הציוד שלמעלה — באחריותכם לאכוף,المعدات أعلاه مسؤوليتك في فرضها,,
ind_sup_enforce_body,,"Somebody on your site without a hard hat is your problem, not theirs.","מי שנמצא באתר שלכם בלי כובע מגן — זו הבעיה שלכם, לא שלו.",من يوجد في موقعك بلا خوذة فهو مشكلتك، لا مشكلته.,,
ind_sup_permits,,Permits to work,היתרי עבודה,تصاريح العمل,,
ind_sup_permits_body,,"Hot work, height, confined space, excavation, isolation: no permit, no work. Issue one only when every precaution is ticked, and sign it back yourself once the area is safe.","עבודה חמה, עבודה בגובה, חלל מוקף, חפירה, ניתוק: בלי היתר — אין עבודה. הנפיקו רק לאחר סימון כל אמצעי הזהירות, והחזירו את ההיתר בעצמכם כשהשטח בטוח.",الأعمال الساخنة، العمل على ارتفاع، الحيز المغلق، الحفر، العزل: بلا تصريح لا عمل. أصدره فقط بعد وضع علامة على كل إجراءات الوقاية، وأعِده بنفسك بعد تأمين المنطقة.,,
ind_sup_talks,,Toolbox talks,שיחות בטיחות,محادثات السلامة,,
ind_sup_talks_body,,"Brief before the work, not after it. Keep the register — a briefing nobody wrote down did not happen.","תדרכו לפני העבודה, לא אחריה. נהלו רשימת נוכחות — תדריך שלא נרשם, לא התקיים.",بلّغ قبل العمل لا بعده. احتفظ بكشف الحضور — تعليمات لم تُسجَّل لم تحدث.,,
ind_sup_tickets,,Certificates,אישורים והסמכות,الشهادات والتصاريح,,
ind_sup_tickets_body,,"Nobody works at height or operates plant on a lapsed ticket. The app warns you thirty days out — act then, not on the day.","אף אחד לא עובד בגובה ולא מפעיל כלי הנדסי עם אישור שפג. האפליקציה מתריעה 30 יום מראש — פעלו אז, לא ביום עצמו.",لا أحد يعمل على ارتفاع أو يشغّل معدة بشهادة منتهية. التطبيق ينبّهك قبل ثلاثين يومًا — تصرّف حينها لا في اليوم نفسه.,,
ind_sup_incidents,,Incidents,אירועי בטיחות,حوادث السلامة,,
ind_sup_incidents_body,,Report the same day. Photograph it first and tidy up after — an investigation starts from what was actually there.,דווחו באותו יום. צלמו קודם ורק אחר כך סדרו — חקירה מתחילה ממה שבאמת היה שם.,أبلغ في اليوم نفسه. صوّر أولًا ورتّب بعد ذلك — التحقيق يبدأ مما كان موجودًا فعلًا.,,
ind_sup_emergency,,Emergencies,מקרי חירום,حالات الطوارئ,,
ind_sup_emergency_body,,Ambulance 101. Fire 102. Know your assembly point and who your first aider is before the day you need them.,מד״א 101. כבאות 102. דעו את נקודת ההתכנסות ומי מגיש העזרה הראשונה — לפני היום שבו תצטרכו.,الإسعاف 101. الإطفاء 102. اعرف نقطة التجمّع ومن هو المسعف قبل اليوم الذي تحتاجهما فيه.,,
comp_switch,,Where you are working,היכן אתם עובדים,أين تعمل,,
comp_switch_hint,,You can be on more than one firm's books. This decides whose jobs you see and what you may do.,אפשר להיות רשומים ביותר מחברה אחת. הבחירה קובעת אילו עבודות תראו ומה מותר לכם.,يمكن أن تكون مسجّلًا لدى أكثر من شركة. هذا يحدد أعمال من ترى وما المسموح لك.,,
comp_own,,Your own tools,העבודות שלכם,أعمالك الخاصة,,
snag_title,,Snags,ליקויים,العيوب,,
snag_new,,Raise a snag,פתיחת ליקוי,فتح عيب,,
snag_empty,,No snags. Raise one when you find a defect.,אין ליקויים. פתחו ליקוי כשמוצאים פגם.,لا توجد عيوب. افتح عيبًا عند اكتشاف خلل.,,
snag_what,,What is wrong,מה הליקוי,ما هو الخلل,,
snag_where,,"Where — room, floor, wall","היכן — חדר, קומה, קיר",أين — الغرفة، الطابق، الجدار,,
snag_who,,Who has to put it right,מי אמור לתקן,من عليه الإصلاح,,
snag_due,,Fix by,לתיקון עד,للإصلاح حتى,,
snag_blocks,,Holds up handover,מעכב מסירה,يؤخّر التسليم,,
snag_blocks_hint,,Leave this off for something worth fixing that does not hold up a building.,השאירו כבוי לליקוי שראוי לתקן אך אינו מעכב מסירה.,اتركه مغلقًا لعيب يستحق الإصلاح لكنه لا يؤخّر التسليم.,,
snag_photo_raised,,What is wrong,צילום הליקוי,صورة العيب,,
snag_photo_fixed,,What was done,צילום התיקון,صورة الإصلاح,,
snag_mark_fixed,,I have put this right,תיקנתי,قمت بالإصلاح,,
snag_accept,,Accepted — close it,מאושר — לסגור,مقبول — إغلاق,,
snag_reject,,Not done — send it back,לא בוצע — להחזיר,لم يُنفَّذ — إعادة,,
snag_verify_notes,,What you found,מה נמצא,ما وجدته,,
snag_state_open,,Open,פתוח,مفتوح,,
snag_state_awaiting,,Says fixed — not checked,מדווח כתוקן — טרם נבדק,مُبلَّغ كمُصلَح — لم يُفحص,,
snag_state_closed,,Closed,סגור,مغلق,,
snag_state_rejected,,Sent back,הוחזר,أُعيد,,
snag_claim_note,,Somebody said this was done. It stays on the list until somebody else has looked.,מישהו דיווח שזה בוצע. הליקוי נשאר ברשימה עד שמישהו אחר יבדוק.,أبلغ أحدهم أنه أُنجز. يبقى في القائمة حتى يفحصه شخص آخر.,,
snag_ready,,Nothing left holding up handover,אין ליקויים המעכבים מסירה,لا شيء يؤخّر التسليم,,
snag_not_ready,,Still holding up handover,עדיין מעכב מסירה,ما زال يؤخّر التسليم,,
snag_filter_outstanding,,Outstanding,פתוחים,المفتوحة,,
snag_filter_all,,All,הכול,الكل,,
snag_raised_by,,Raised by,נפתח על ידי,فتحه,,
snag_checked_by,,Checked by,נבדק על ידי,فحصه,,
acc_create_instead,,I have not been given an account,לא קיבלתי חשבון,لم أحصل على حساب,,
acc_id_locked,,"Set once and kept. The site office identifies you by this, so it is not something to change quietly.","נקבע פעם אחת ונשמר. משרד האתר מזהה אתכם לפיו, ולכן אי אפשר לשנות אותו בשקט.",يُحدَّد مرة واحدة ويُحفظ. مكتب الموقع يعرفك به، لذا لا يمكن تغييره بهدوء.,,
acc_id_missing,,"You have no ID number yet, so you can only sign in with your username. Add one and either will work.","אין לכם עדיין מספר תעודת זהות, ולכן אפשר להיכנס רק עם שם המשתמש. הוסיפו מספר ושניהם יעבדו.",لا يوجد لديك رقم هوية بعد، لذا يمكنك الدخول باسم المستخدم فقط. أضف رقمًا وسيعمل كلاهما.,,
log_title,,Daily log,יומן עבודה,يومية العمل,,
log_today,,Today,היום,اليوم,,
log_gathered,,What the app recorded today,מה שנרשם היום,ما سجّله التطبيق اليوم,,
log_gathered_hint,,Counted from what was actually entered. Correct the entry and this corrects itself.,נספר ממה שנרשם בפועל. תיקון הרישום מתקן גם כאן.,محسوب مما أُدخل فعلًا. صحّح الإدخال وسيُصحَّح هنا.,,
log_quiet,,"Nothing was recorded on this job today. If work happened, it did not reach the app.","לא נרשם דבר בעבודה הזאת היום. אם בוצעה עבודה, היא לא הגיעה לאפליקציה.",لم يُسجَّل شيء في هذا العمل اليوم. إن جرى عمل، فهو لم يصل إلى التطبيق.,,
log_tasks_done,,Tasks finished,משימות שהושלמו,مهام أُنجزت,,
log_deliveries,,Deliveries booked in,משלוחים שנרשמו,توريدات مسجّلة,,
log_permits,,Permits issued,היתרים שהונפקו,تصاريح صادرة,,
log_talks,,Safety talks,שיחות בטיחות,محادثات سلامة,,
log_snags,,Snags raised,ליקויים שנפתחו,عيوب فُتحت,,
log_incidents,,Incidents,אירועי בטיחות,حوادث,,
log_typed,,What only you know,מה שרק אתם יודעים,ما تعرفه أنت وحدك,,
log_weather,,Weather,מזג אוויר,الطقس,,
log_headcount,,People on site,כמות עובדים באתר,عدد العمال في الموقع,,
log_notes,,How the day went,איך עבר היום,كيف مضى اليوم,,
log_notes_hint,,"Delays, visitors, anything an inspector or a solicitor would want to know later.","עיכובים, מבקרים, וכל דבר שמפקח או עורך דין ירצו לדעת בהמשך.",تأخيرات، زوار، وأي شيء قد يسأل عنه مفتش أو محامٍ لاحقًا.,,
log_sign,,Sign the day off,חתימה על היום,توقيع اليوم,,
log_signed_by,,Signed by,נחתם על ידי,وقّعه,,
log_locked,,Signed and closed. A daily log that can be tidied up afterwards is evidence of nothing.,נחתם ונסגר. יומן שאפשר לערוך בדיעבד אינו מהווה ראיה.,مُوقَّع ومغلق. يومية يمكن تعديلها لاحقًا لا تصلح دليلًا.,,
log_must_sign,,Draw a signature before signing the day off.,יש לחתום לפני סגירת היום.,وقّع قبل إغلاق اليوم.,,
log_state_draft,,Not signed,לא נחתם,غير موقّع,,
log_state_signed,,Signed,נחתם,موقّع,,
pour_title,,Concrete,יציקות בטון,صبّ الخرسانة,,
pour_row_hint,,"Trucks on the way, and how long each load has left.","משאיות בדרך, וכמה זמן נותר לכל מנה.",الشاحنات في الطريق، وكم بقي لكل حمولة.,,
pour_new,,Start a pour,פתיחת יציקה,بدء صبّة,,
pour_empty,,No pours recorded. Start one before the first truck arrives.,לא נרשמו יציקות. פתחו יציקה לפני שהמערבל הראשון מגיע.,لا صبّات مسجّلة. ابدأ واحدة قبل وصول أول خلاطة.,,
pour_element,,What is being cast,מה יוצקים,ما يُصبّ,,
pour_element_hint,,"Foundation, column, level 3 slab.","יסוד, עמוד, תקרת קומה 3.",أساس، عمود، سقف الطابق 3.,,
pour_mix,,Mix,סוג הבטון,نوع الخرسانة,,
pour_mix_hint,,"As the engineer specified: B-30, and so on.",כפי שקבע המהנדס: ב-30 וכדומה.,كما حدّد المهندس: ب-30 وما شابه.,,
pour_ordered,,Cubic metres ordered,"כמות שהוזמנה (מ""ק)",الكمية المطلوبة (م³),,
pour_supplier,,Batch plant,מפעל הבטון,مصنع الخرسانة,,
pour_temperature,,Temperature today (°C),טמפרטורה היום (°C),درجة الحرارة اليوم (°م),,
pour_temperature_hint,,Thirty degrees or more cuts every load's working life from 90 minutes to 60.,"מ-30 מעלות ומעלה, זמן העבודה של כל מערבל מתקצר מ-90 ל-60 דקות.",من 30 درجة فأكثر، يتقلّص زمن عمل كل حمولة من 90 إلى 60 دقيقة.,,
pour_placed_of,,placed of,נוצקו מתוך,صُبّت من أصل,,
pour_finish,,Finish the pour,סיום היציקה,إنهاء الصبّة,,
pour_finished,,Finished,הסתיימה,انتهت,,
pour_running,,Pouring,ביציקה,قيد الصبّ,,
tick_title,,Trucks,מערבלים,الخلاطات,,
tick_add,,Book a truck in,רישום מערבל,تسجيل خلاطة,,
tick_empty,,No trucks yet.,עדיין אין מערבלים.,لا خلاطات بعد.,,
tick_number,,Ticket number,מספר תעודת משלוח,رقم إذن التسليم,,
tick_truck,,Truck,מספר מערבל,رقم الخلاطة,,
tick_volume,,Cubic metres,"מ""ק",م³,,
tick_dispatched,,Batched,יוצר במפעל,وقت الخلط,,
tick_dispatched_ago,,Minutes since it was batched,כמה דקות עברו מאז היציאה מהמפעל,كم دقيقة مضت منذ الخلط,,
tick_dispatched_hint,,"Read the time off the delivery note and count back to now. The clock starts at the plant, not when the truck reached you.","קראו את השעה מתעודת המשלוח וספרו אחורה עד עכשיו. הספירה מתחילה במפעל, לא כשהמערבל הגיע אליכם.",اقرأ الوقت من إذن التسليم واحسب رجوعًا حتى الآن. يبدأ العدّ في المصنع، لا عند وصول الشاحنة إليك.,,
tick_slump,,Slump (cm),"שקיעה (ס""מ)",الهبوط (سم),,
tick_place,,Discharged,נוצק,تم الصبّ,,
tick_reject,,Send it back,החזרת המערבל,إعادة الخلاطة,,
tick_reject_reason,,Why,סיבה,السبب,,
tick_rejected,,Sent back,הוחזר,أُعيدت,,
tick_state_en_route,,On the way,בדרך,في الطريق,,
tick_state_on_site,,Here,באתר,في الموقع,,
tick_state_expiring,,Running out,עומד לפוג,على وشك الانتهاء,,
tick_state_expired,,Out of time — do not pour,פג הזמן — לא לצקת,انتهى الوقت — لا تصبّ,,
tick_state_placed,,Placed,נוצק,مصبوب,,
tick_late,,Went in late,נוצק באיחור,صُبّ متأخرًا,,
tick_late_hint,,Recorded because it cannot be seen afterwards. The engineer should know.,נרשם משום שאי אפשר לראות זאת בדיעבד. יש ליידע את המהנדס.,يُسجَّل لأنه لا يُرى لاحقًا. يجب إعلام المهندس.,,
scf_title,,Scaffolds,פיגומים,السقالات,,
scf_row_hint,,"The seven-day register, and which ones may be climbed today.","פנקס הבדיקה השבועית, ואילו פיגומים מותר לטפס עליהם היום.",سجل الفحص الأسبوعي، وأي السقالات يُسمح بتسلقها اليوم.,,
scf_new,,Add a scaffold,הוספת פיגום,إضافة سقالة,,
scf_empty,,No scaffolds on the register.,אין פיגומים בפנקס.,لا سقالات في السجل.,,
scf_location,,Where it is,מיקום,الموقع,,
scf_location_hint,,"In the words somebody would use on the radio: north elevation, stairwell 2.","במילים שאומרים בקשר: חזית צפונית, חדר מדרגות 2.",بالكلمات التي تُقال في اللاسلكي: الواجهة الشمالية، بيت الدرج 2.,,
scf_type,,Kind of scaffold,סוג הפיגום,نوع السقالة,,
scf_type_hint,,"Independent tied, birdcage, mobile tower.","פיגום זקפים, פיגום שולחן, מגדל נייד.",سقالة مستقلة مربوطة، سقالة قفصية، برج متنقل.,,
scf_erected_by,,Put up by,הוקם על ידי,أقامها,,
scf_inspect,,Record an inspection,רישום בדיקה,تسجيل فحص,,
scf_inspections,,Inspections,בדיקות,الفحوصات,,
scf_no_inspections,,Nothing recorded yet.,עדיין לא נרשם דבר.,لم يُسجَّل شيء بعد.,,
scf_passed,,Passed — safe to use,עבר — מותר לשימוש,اجتازت — صالحة للاستخدام,,
scf_failed,,Failed — do not use,נכשל — אין להשתמש,لم تجتز — ممنوع الاستخدام,,
scf_defects,,What is wrong,מה הליקוי,ما هو العطل,,
scf_action,,What was done about it,מה נעשה בעניין,ما الذي جرى بشأنه,,
scf_inspector,,Inspector,הבודק,الفاحص,,
scf_reason,,Why this inspection,סיבת הבדיקה,سبب الفحص,,
scf_reason_weekly,,The weekly one,הבדיקה השבועית,الفحص الأسبوعي,,
scf_reason_first,,Before first use,לפני שימוש ראשון,قبل الاستخدام الأول,,
scf_reason_altered,,After it was changed,אחרי שינוי,بعد تعديلها,,
scf_reason_weather,,After the weather,אחרי מזג אוויר,بعد الطقس,,
scf_altered,,Mark it changed,סימון כשונה,وسمها كمعدَّلة,,
scf_altered_hint,,"Moved, added to, or hit by weather. It comes out of use until it is inspected again.","הוזז, הורחב או נפגע ממזג אוויר. יוצא מכלל שימוש עד לבדיקה חוזרת.",نُقلت أو أُضيف إليها أو تضررت من الطقس. تخرج من الخدمة حتى فحصها من جديد.,,
scf_dismantle,,Struck down,פורק,فُكّت,,
scf_dismantled,,Dismantled,מפורק,مفكوكة,,
scf_state_safe,,Safe to climb,מותר לטפס,يُسمح بالتسلق,,
scf_state_due,,Inspection due,הבדיקה מתקרבת,الفحص مستحق قريبًا,,
scf_state_overdue,,Out of date — do not climb,פג תוקף — אין לטפס,انتهت صلاحيته — ممنوع التسلق,,
scf_state_failed,,Failed inspection — do not climb,נכשל בבדיקה — אין לטפס,لم تجتز الفحص — ممنوع التسلق,,
scf_state_altered,,Changed since it was passed — do not climb,שונה מאז האישור — אין לטפס,عُدّلت بعد اعتمادها — ممنوع التسلق,,
scf_state_never,,Never inspected — do not climb,לא נבדק מעולם — אין לטפס,لم تُفحص قط — ممنوع التسلق,,
scf_last_inspected,,Last inspected,נבדק לאחרונה,آخر فحص,,
scf_next_due,,Next inspection,הבדיקה הבאה,الفحص القادم,,
scf_must_sign,,Sign before recording the inspection.,יש לחתום לפני רישום הבדיקה.,وقّع قبل تسجيل الفحص.,,
scf_unusable,,Not to be climbed,אסורים לטיפוס,ممنوع تسلقها,,
scf_all_clear,,Every scaffold on this job is in date.,כל הפיגומים באתר בתוקף.,جميع السقالات في هذا الموقع سارية.,,
lift_title,,Lifts,הרמות,عمليات الرفع,,
lift_row_hint,,"Lift plans, and what has to be right before the load leaves the ground.","תוכניות הרמה, ומה חייב להיות תקין לפני שהמטען עוזב את הקרקע.",خطط الرفع، وما يجب أن يكون سليمًا قبل أن يغادر الحمل الأرض.,,
lift_new,,Plan a lift,תכנון הרמה,تخطيط عملية رفع,,
lift_empty,,No lifts planned.,לא תוכננו הרמות.,لا عمليات رفع مخططة.,,
lift_what,,What is being lifted,מה מרימים,ما الذي يُرفع,,
lift_what_hint,,"In the words used on the radio: air handling unit, roof beam 4.","במילים שאומרים בקשר: יחידת מיזוג, קורת גג 4.",بالكلمات التي تُقال في اللاسلكي: وحدة تكييف، جسر السطح 4.,,
lift_load_weight,,Load (kg),משקל המטען (ק״ג),وزن الحمل (كغم),,
lift_rigging_weight,,Rigging (kg),משקל אביזרי ההרמה (ק״ג),وزن معدات الرفع (كغم),,
lift_rigging_hint,,"Slings, shackles, spreader beam, hook block. They hang off the same rope, and leaving them out is how a lift planned at ninety per cent turns out to have been at a hundred and four.","מנשאים, שאקלים, קורת פריסה וגוש הוו. הם תלויים על אותו כבל, והשמטתם היא הדרך שבה הרמה שתוכננה לתשעים אחוז מתבררת כמאה וארבעה.",الأحزمة والأقفال وعارضة التوزيع وكتلة الخطاف. كلها معلّقة على الحبل نفسه، وإغفالها هو ما يجعل رفعة خُطط لها عند تسعين بالمئة تتبين عند مئة وأربعة.,,
lift_gross,,On the hook,סך הכול על הוו,الإجمالي على الخطاف,,
lift_appliance,,Crane or appliance,העגורן או מכשיר ההרמה,الرافعة أو جهاز الرفع,,
lift_appliance_cert,,Its test certificate runs out,תוקף בדיקת המכשיר,تنتهي شهادة فحصه,,
lift_appliance_cert_needed,,This appliance needs a periodic test,מכשיר זה טעון בדיקה תקופתית,يحتاج هذا الجهاز إلى فحص دوري,,
lift_radius,,Radius (m),רדיוס (מ׳),نصف القطر (م),,
lift_capacity,,Chart capacity at that radius (kg),כושר ההרמה בטבלה ברדיוס זה (ק״ג),الحمولة من الجدول عند نصف القطر هذا (كغم),,
lift_capacity_hint,,Off the duty chart at the radius being worked. Not the crane's headline tonnage.,מתוך טבלת העומסים ברדיוס העבודה בפועל. לא הטונאז׳ הנקוב של העגורן.,من جدول الحمولات عند نصف قطر العمل الفعلي. لا الحمولة الاسمية للرافعة.,,
lift_utilisation,,of the chart,מהטבלה,من الجدول,,
lift_heavy,,Over three quarters of the chart — have somebody senior look at this.,מעל שלושה רבעים מהטבלה — שגורם בכיר יבחן זאת.,أكثر من ثلاثة أرباع الجدول — ليراجعها مسؤول أعلى.,,
lift_wind,,Wind now (km/h),רוח כעת (קמ״ש),الرياح الآن (كم/س),,
lift_wind_limit,,Wind limit (km/h),מגבלת הרוח (קמ״ש),حد الرياح (كم/س),,
lift_wind_unmeasured,,Nobody has measured the wind.,איש לא מדד את הרוח.,لم يقس أحد الرياح.,,
lift_crew,,Who is on it,מי מבצע,من ينفّذها,,
lift_role_operator,,Crane operator,מפעיל העגורן,مشغّل الرافعة,,
lift_role_slinger,,Slinger,רתָּב,المُوثِّق,,
lift_role_banksman,,Banksman,אתת,الإشاري,,
lift_crew_name,,Name,שם,الاسم,,
lift_crew_ticket,,Ticket number,מספר ההסמכה,رقم الشهادة,,
lift_crew_no_expiry,,Does not expire,ללא תפוגה,بلا تاريخ انتهاء,,
lift_crew_none,,Nobody,לא שובץ איש,لا أحد,,
lift_planned_for,,Planned for,מתוכנן ל,مخطط ليوم,,
lift_approve,,Approve the lift,אישור ההרמה,اعتماد عملية الرفع,,
lift_approved_by,,Approved by,אושר על ידי,اعتمدها,,
lift_complete,,Lifted,הורם,تم الرفع,,
lift_completed,,Done,הושלם,اكتملت,,
lift_may_go,,Everything checks out.,הכול תקין.,كل شيء سليم.,,
lift_blocked,,Do not lift,אין להרים,ممنوع الرفع,,
lift_block_weight,,Nobody has said what it weighs,לא נרשם משקל המטען,لم يُسجَّل وزن الحمل,,
lift_block_capacity,,No capacity from the duty chart,לא נרשם כושר הרמה מהטבלה,لم تُسجَّل الحمولة من الجدول,,
lift_block_overloaded,,Over the chart,מעל הטבלה,فوق الجدول,,
lift_block_operator,,No crane operator,אין מפעיל עגורן,لا مشغّل رافعة,,
lift_block_slinger,,No slinger,אין רתָּב,لا مُوثِّق,,
lift_block_banksman,,No banksman,אין אתת,لا إشاري,,
lift_block_ticket,,Somebody's ticket has run out,פג תוקף הסמכה של אחד המבצעים,انتهت صلاحية شهادة أحد المنفذين,,
lift_block_appliance,,The appliance's test certificate is not in date,תעודת הבדיקה של המכשיר אינה בתוקף,شهادة فحص الجهاز غير سارية,,
lift_block_wind,,Too windy,רוח חזקה מדי,الرياح شديدة جدًا,,
lift_block_approval,,Nobody has approved it,איש לא אישר את ההרמה,لم يعتمدها أحد,,
tw_title,,Temporary works,עבודות זמניות,الأعمال المؤقتة,,
tw_row_hint,,"Propping and formwork: what may take load, and what may come down.","תמיכות ותבניות: מה מותר להעמיס, ומה מותר לפרק.",الدعائم والقوالب: ما يجوز تحميله، وما يجوز فكّه.,,
tw_new,,Add temporary works,הוספת עבודה זמנית,إضافة عمل مؤقت,,
tw_empty,,Nothing on the register.,אין דבר בפנקס.,لا شيء في السجل.,,
tw_what,,What it is,מה זה,ما هو,,
tw_what_hint,,Props to the level 3 slab; façade retention to the north wall.,תמיכות לתקרת קומה 3; תמיכת חזית לקיר הצפוני.,دعائم لسقف الطابق الثالث؛ تدعيم الواجهة للجدار الشمالي.,,
tw_kind,,Kind,סוג,النوع,,
tw_kind_propping,,Propping,תמיכות,دعائم,,
tw_kind_formwork,,Formwork,תבניות,قوالب,,
tw_kind_shoring,,Shoring,דיפון,تدعيم حفر,,
tw_kind_facade,,Façade retention,תמיכת חזית,تدعيم الواجهة,,
tw_kind_edge,,Edge protection,מעקות בטיחות,حماية الحواف,,
tw_kind_other,,Something else,אחר,غير ذلك,,
tw_category,,How hard it has to be checked,רמת הבדיקה הנדרשת,مستوى الفحص المطلوب,,
tw_category_0,,"Standard solution, used within its limits","פתרון סטנדרטי, בתוך מגבלותיו",حل قياسي، ضمن حدوده,,
tw_category_1,,"Simple design, checked inside the team","תכנון פשוט, נבדק בתוך הצוות",تصميم بسيط، يُفحص داخل الفريق,,
tw_category_2,,Checked by somebody outside the design,נבדק על ידי מי שאינו מהמתכננים,يفحصه شخص من خارج فريق التصميم,,
tw_category_3,,Checked by an independent organisation,נבדק על ידי גורם עצמאי,تفحصه جهة مستقلة,,
tw_design_ref,,Drawing or calculation,מספר תוכנית או חישוב,رقم المخطط أو الحساب,,
tw_designer,,Designed by,תוכנן על ידי,صمّمه,,
tw_checker,,Checked by,נבדק על ידי,فحصه,,
tw_mark_checked,,Record the check,רישום הבדיקה,تسجيل الفحص,,
tw_mark_erected,,It is built,הוקם,تم تركيبه,,
tw_mark_inspected,,Built as drawn,נבנה לפי התוכנית,نُفّذ حسب المخطط,,
tw_mark_inspected_hint,,"Somebody has held the drawing up against what is standing there. This is a separate act from building it, because the commonest failure is a good design built differently.","מישהו השווה את התוכנית למה שעומד בפועל. זו פעולה נפרדת מההקמה, משום שהכשל הנפוץ ביותר הוא תכנון טוב שבוצע אחרת.",قارن أحدهم المخطط بما هو قائم فعلًا. هذا فعل منفصل عن التركيب، لأن الإخفاق الأكثر شيوعًا هو تصميم جيد نُفّذ بشكل مختلف.,,
tw_mark_loaded,,It is carrying load,נושא עומס,يحمل الحمولة,,
tw_release,,Release it for striking,אישור לפירוק,الإذن بالفك,,
tw_release_hint,,The decision that drops slabs. It is recorded with a name because afterwards the question is always who released it.,"ההחלטה שמפילה תקרות. היא נרשמת עם שם, משום שבדיעבד השאלה תמיד היא מי אישר.",القرار الذي يُسقط الأسقف. يُسجَّل باسم، لأن السؤال لاحقًا هو دائمًا من أذن به.,,
tw_released_by,,Released by,אושר על ידי,أذن به,,
tw_mark_struck,,Struck,פורק,فُكّ,,
tw_struck,,Taken down,מפורק,مفكوك,,
tw_supports_pour,,Holding up a pour,תומך ביציקה,يدعم صبّة,,
tw_supports_pour_none,,Not holding up concrete,אינו תומך בבטון,لا يدعم خرسانة,,
tw_striking_days,,Days before it may be struck,ימים עד שמותר לפרק,الأيام قبل السماح بالفك,,
tw_striking_days_hint,,"The engineer's number, off the design. The app defaults to fourteen because that errs towards leaving props in; it does not work the figure out and it is not a judgement about the concrete.","המספר של המהנדס, מתוך התכנון. ברירת המחדל של האפליקציה היא ארבעה עשר משום שהיא נוטה להשארת התמיכות; היא אינה מחשבת את המספר ואינה מחווה דעה על הבטון.",رقم المهندس، من التصميم. القيمة الافتراضية في التطبيق أربعة عشر لأنها تميل إلى إبقاء الدعائم؛ التطبيق لا يحسب الرقم ولا يبدي رأيًا في الخرسانة.,,
tw_may_load,,It may take load.,מותר להעמיס.,يجوز تحميله.,,
tw_may_not_load,,Do not load it,אין להעמיס,ممنوع التحميل,,
tw_may_strike,,It may come down.,מותר לפרק.,يجوز فكّه.,,
tw_may_not_strike,,Do not strike it,אין לפרק,ممنوع الفك,,
tw_block_no_design,,No design on record,לא נרשם תכנון,لا تصميم مسجّل,,
tw_block_not_checked,,The design has not been checked,התכנון לא נבדק,لم يُفحص التصميم,,
tw_block_not_independent,,At this level the designer cannot check his own work,ברמה זו המתכנן אינו יכול לבדוק את עצמו,في هذا المستوى لا يجوز للمصمم أن يفحص عمله,,
tw_block_not_erected,,It has not been built,טרם הוקם,لم يُركّب بعد,,
tw_block_not_inspected,,Nobody has checked it was built as drawn,איש לא בדק שהביצוע תואם לתוכנית,لم يتحقق أحد من مطابقته للمخطط,,
tw_block_struck,,It has already been taken down,כבר פורק,سبق أن فُكّ,,
tw_block_already_struck,,Already struck,כבר פורק,فُكّ بالفعل,,
tw_block_too_young,,The concrete has not had its days,הבטון טרם השלים את הימים,لم تستوفِ الخرسانة أيامها,,
tw_block_not_released,,Nobody has released it,איש לא אישר לפירוק,لم يأذن أحد بالفك,,
exc_title,,Excavations,חפירות,الحفريات,,
exc_row_hint,,"Trenches: what is buried there, and who may go in today.","תעלות: מה טמון שם, ומי מורשה להיכנס היום.",الخنادق: ما المدفون هناك، ومن يجوز له النزول اليوم.,,
exc_new,,Add an excavation,הוספת חפירה,إضافة حفرية,,
exc_empty,,No excavations on the register.,אין חפירות בפנקס.,لا حفريات في السجل.,,
exc_location,,Where it is,מיקום,الموقع,,
exc_location_hint,,"In the words used on the radio: along the north boundary, grid B4.","במילים שאומרים בקשר: לאורך הגבול הצפוני, משבצת B4.",بالكلمات التي تُقال في اللاسلكي: على طول الحد الشمالي، المربع B4.,,
exc_depth,,How deep (m),עומק (מ׳),العمق (م),,
exc_depth_hint,,"At one metre twenty the sides have to be held back somehow. Ground collapses at less than that too — this is the depth below which nobody is required to have decided, not the depth below which nothing can happen.","במטר ועשרים יש להחזיק את הדפנות באופן כלשהו. קרקע קורסת גם בפחות מכך — זהו העומק שמתחתיו אין חובה להחליט, לא העומק שמתחתיו לא יקרה דבר.",عند متر وعشرين يجب تثبيت الجوانب بطريقة ما. التربة تنهار عند أقل من ذلك أيضًا — هذا هو العمق الذي لا يُلزم أحدًا بالقرار دونه، لا العمق الذي لا يحدث شيء دونه.,,
exc_support,,How the sides are held,כיצד מוחזקות הדפנות,كيف تُثبَّت الجوانب,,
exc_support_none,,Nothing,ללא,بدون,,
exc_support_battered,,Cut back,שיפוע,ميلان,,
exc_support_shored,,Boxes or props,דיפון,صناديق أو دعائم,,
exc_support_piled,,Sheet piles,כלונסאות,خوازيق,,
exc_services,,What is buried here,מה טמון כאן,ما المدفون هنا,,
exc_services_record,,Record what is buried here,רישום התשתיות הטמונות,تسجيل ما هو مدفون هنا,,
exc_services_hint,,"Drawings from the utility, a cable scan, trial holes. The one thing on this screen that cannot be put right afterwards: a trench cut too steep can be battered back, but a cable that has been cut has been cut.","תוכניות מחברת התשתית, סריקת כבלים, בורות בדיקה. הדבר היחיד במסך הזה שאי אפשר לתקן בדיעבד: תעלה תלולה מדי אפשר להשכיב, אבל כבל שנחתך — נחתך.",مخططات من شركة البنية التحتية، مسح الكابلات، حفر اختبارية. الأمر الوحيد في هذه الشاشة الذي لا يمكن إصلاحه لاحقًا: الخندق شديد الانحدار يمكن تمييله، أما الكابل المقطوع فقد قُطع.,,
exc_services_none,,Nobody has looked,איש לא בדק,لم يتحقق أحد,,
exc_services_by,,Located by,אותר על ידי,حدّده,,
exc_inspect,,Inspect it,בדיקה,فحصها,,
exc_inspections,,Inspections,בדיקות,الفحوصات,,
exc_no_inspections,,Nothing recorded yet.,עדיין לא נרשם דבר.,لم يُسجَّل شيء بعد.,,
exc_passed,,Safe to enter,מותר להיכנס,آمنة للدخول,,
exc_failed,,Not safe — nobody in,לא בטוח — אין להיכנס,غير آمنة — ممنوع الدخول,,
exc_defects,,What is wrong,מה הליקוי,ما هو العطل,,
exc_action,,What was done about it,מה נעשה בעניין,ما الذي جرى بشأنه,,
exc_must_sign,,Sign before recording the inspection.,יש לחתום לפני רישום הבדיקה.,وقّع قبل تسجيل الفحص.,,
exc_disturbed,,Something has changed it,משהו שינה אותה,طرأ عليها تغيير,,
exc_disturbed_hint,,"Rain, a collapse, vibration, a load put near the edge. It comes out of use until somebody has looked again.","גשם, מפולת, רעידות, עומס שהונח סמוך לשפה. יוצאת מכלל שימוש עד לבדיקה חוזרת.",مطر، انهيار، اهتزازات، حمل وُضع قرب الحافة. تخرج من الخدمة حتى يعاود أحد فحصها.,,
exc_backfill,,Filled in,הוחזרה,رُدمت,,
exc_backfilled,,Backfilled,מוחזרת,مردومة,,
exc_may_enter,,Safe to enter.,מותר להיכנס.,يجوز الدخول.,,
exc_may_not_enter,,Nobody goes in,אין להיכנס,ممنوع الدخول,,
exc_block_services,,Nobody has found out what is buried here,איש לא בירר מה טמון כאן,لم يتحقق أحد مما هو مدفون هنا,,
exc_block_support,,"Deep enough to need the sides held, and nothing is holding them","עמוקה דיה כדי לחייב החזקת דפנות, ואין דבר שמחזיק אותן",عميقة بما يكفي لتتطلب تثبيت الجوانب، ولا شيء يثبّتها,,
exc_block_never,,Never inspected,לא נבדקה מעולם,لم تُفحص قط,,
exc_block_today,,Not inspected today,לא נבדקה היום,لم تُفحص اليوم,,
exc_block_failed,,The last inspection failed,הבדיקה האחרונה נכשלה,الفحص الأخير لم ينجح,,
exc_block_disturbed,,Something has changed it since the last inspection,משהו שינה אותה מאז הבדיקה האחרונה,طرأ عليها تغيير منذ الفحص الأخير,,
exc_block_backfilled,,It has been filled in,הוחזרה,رُدمت,,
ptw_work_stopped,,The work has stopped,העבודה הופסקה,توقف العمل,,
ptw_fire_watch,,Fire watch,שמירת אש,مراقبة الحريق,,
ptw_fire_watch_hint,,"Hot work fires mostly start after the torch goes out, from a spark that fell into a void an hour ago and has been smouldering since. Somebody stays and watches; the permit cannot be signed back until they have.","שריפות בעבודה חמה מתחילות בדרך כלל אחרי כיבוי הלהבה, מניצוץ שנפל לחלל לפני שעה והתעמעם שם. מישהו נשאר ומשגיח; אי אפשר להחזיר את ההיתר עד שהשמירה הושלמה.",حرائق الأعمال الساخنة تبدأ غالبًا بعد إطفاء اللهب، من شرارة سقطت في فراغ قبل ساعة وظلت تتّقد. يبقى شخص للمراقبة؛ ولا يمكن إغلاق التصريح قبل انقضاء المدة.,,
pay_title,,Payment applications,חשבונות,طلبات الدفع,,
pay_row_hint,,"What has been claimed, what was agreed, and when the money is due.","מה נדרש, מה אושר, ומתי הכסף אמור להגיע.",ما طُولب به، وما تمت الموافقة عليه، ومتى يُستحق المال.,,
pay_new,,Raise an application,פתיחת חשבון,فتح طلب دفع,,
pay_empty,,No applications on this job.,אין חשבונות בפרויקט זה.,لا طلبات دفع في هذا المشروع.,,
pay_direction,,Which way the money goes,כיוון התשלום,اتجاه الدفع,,
pay_receivable,,We are claiming,אנחנו דורשים,نحن نطالب,,
pay_payable,,A subcontractor is claiming,קבלן משנה דורש,مقاول من الباطن يطالب,,
pay_party,,From whom,ממי,من مَن,,
pay_number,,Application number,מספר חשבון,رقم الطلب,,
pay_claimed,,"Claimed, for all work to date","נדרש, עבור כל העבודה עד כה",المطالَب به، عن كل العمل حتى تاريخه,,
pay_claimed_hint,,"The total the work is worth at this point in the job, not what was done this month. That is how applications are written, and paying the figure on the face of each one in turn pays for the same work twice.","הסכום הכולל ששווה העבודה בנקודה זו בפרויקט, לא מה שבוצע החודש. כך נכתבים חשבונות, ותשלום הסכום הנקוב בכל חשבון בנפרד משלם פעמיים על אותה עבודה.",المبلغ الإجمالي لقيمة العمل عند هذه النقطة من المشروع، لا ما أُنجز هذا الشهر. هكذا تُكتب طلبات الدفع، ودفع الرقم الظاهر على كل طلب على حدة يدفع مرتين عن العمل نفسه.,,
pay_certified,,"Agreed, for all work to date","אושר, עבור כל העבודה עד כה",المعتمَد، عن كل العمل حتى تاريخه,,
pay_previously_paid,,Already paid,שולם עד כה,دُفع حتى الآن,,
pay_retention,,Retention held,עיכבון,المحتجَز,,
pay_retention_rate,,Retention,שיעור עיכבון,نسبة الاحتجاز,,
pay_retention_capped,,At the limit of retention,הגיע לתקרת העיכבון,بلغ سقف الاحتجاز,,
pay_net,,Net to date,נטו עד כה,الصافي حتى تاريخه,,
pay_due_now,,Due this time,לתשלום הפעם,المستحق هذه المرة,,
pay_due_back,,Owed back,להחזר,واجب الإرجاع,,
pay_due_back_hint,,"The applications before this one certified more than the work turned out to be worth. It has to come back one way or another, so the screen says so rather than showing nothing.","בחשבונות הקודמים אושר יותר משהעבודה שווה בפועל. ההפרש חייב לחזור כך או אחרת, ולכן המסך אומר זאת במפורש ולא מציג אפס.",الطلبات السابقة اعتمدت أكثر مما تبيّن أن العمل يستحقه. يجب أن يعود الفرق بطريقة ما، لذا تقول الشاشة ذلك بدل إظهار صفر.,,
pay_terms,,Payment terms,תנאי תשלום,شروط الدفع,,
pay_terms_hint,,"Shotef plus counts from the end of the month the invoice falls in, not from the invoice date. An invoice on the 3rd of March under shotef+30 is due on the 30th of April.","שוטף פלוס נספר מסוף החודש שבו הוצאה החשבונית, לא מתאריך החשבונית. חשבונית מ־3 במרץ בשוטף+30 תשולם ב־30 באפריל.",شوطيف زائد يُحسب من نهاية الشهر الذي صدرت فيه الفاتورة، لا من تاريخ الفاتورة. فاتورة بتاريخ 3 مارس بشوطيف+30 تُستحق في 30 أبريل.,,
pay_terms_immediate,,On presentation,מיידי,عند التقديم,,
pay_terms_30,,Shotef + 30,שוטף + 30,شوطيف + 30,,
pay_terms_60,,Shotef + 60,שוטף + 60,شوطيف + 60,,
pay_terms_90,,Shotef + 90,שוטף + 90,شوطيف + 90,,
pay_terms_120,,Shotef + 120,שוטף + 120,شوطيف + 120,,
pay_due_on,,Due on,תאריך תשלום,تاريخ الاستحقاق,,
pay_submit,,Send it,שליחה,إرسال,,
pay_certify,,Agree a figure,אישור סכום,اعتماد مبلغ,,
pay_certify_hint,,"What is actually agreed, which need not be what was claimed. The difference between the two is the conversation, so both are kept.","מה שאושר בפועל, שאינו חייב להיות מה שנדרש. הפער בין השניים הוא הדיון עצמו, ולכן שניהם נשמרים.",ما تمت الموافقة عليه فعلًا، وليس بالضرورة ما طُولب به. الفارق بينهما هو النقاش نفسه، لذا يُحفظ الاثنان.,,
pay_mark_paid,,The money has arrived,הכסף התקבל,وصل المال,,
pay_reject,,Reject it,דחייה,رفض,,
pay_status_draft,,Being prepared,בהכנה,قيد الإعداد,,
pay_status_submitted,,Waiting to be assessed,ממתין לאישור,بانتظار التقييم,,
pay_status_certified,,"Agreed, not yet paid","אושר, טרם שולם",معتمد، لم يُدفع بعد,,
pay_status_paid,,Paid,שולם,مدفوع,,
pay_status_rejected,,Rejected,נדחה,مرفوض,,
pay_release_completion,,Released at practical completion,ישוחרר במסירה,يُفرج عنه عند التسليم,,
pay_release_defects,,Released when the defects period ends,ישוחרר בתום תקופת הבדק,يُفرج عنه عند انتهاء فترة الضمان,,
ts_title,,Timesheet,דוח שעות,سجل الساعات,,
ts_row_hint,,"Hours clocked on this job, and what they came to.","השעות שנרשמו בפרויקט, וכמה הן עולות.",الساعات المسجّلة في هذا المشروع، وكم تكلّف.,,
ts_empty,,Nobody has clocked any hours on this job.,לא נרשמו שעות בפרויקט זה.,لم يسجّل أحد ساعات في هذا المشروع.,,
ts_empty_hint,,Hours appear here once somebody has clocked out of a shift.,שעות מופיעות כאן לאחר החתמת יציאה ממשמרת.,تظهر الساعات هنا بعد تسجيل الخروج من وردية.,,
ts_by_person,,By person,לפי עובד,حسب العامل,,
ts_by_day,,By day,לפי יום,حسب اليوم,,
ts_hours,,hours,שעות,ساعة,,
ts_rest_day,,Day of rest,יום מנוחה,يوم راحة,,
ts_from_hours,,From the hours clocked,מהשעות שנרשמו,من الساعات المسجّلة,,
ts_from_costs,,From labour cost lines,משורות עלות עבודה,من بنود تكلفة العمل,,
ts_disagree,,"These two do not agree. They are two accounts of the same money, so the app keeps them apart rather than adding them — the gap is either hours nobody costed or a cost line nobody worked.","השניים אינם תואמים. אלה שני תיעודים של אותו כסף, ולכן האפליקציה מפרידה ביניהם ואינה מחברת אותם — הפער הוא או שעות שלא תומחרו או שורת עלות שאיש לא עבד.",الرقمان غير متطابقين. هذان سجلّان للمال نفسه، لذا يفصل بينهما التطبيق ولا يجمعهما — والفارق إما ساعات لم تُسعَّر أو بند تكلفة لم يعمله أحد.,,
ts_unpriced,,Some days have no hourly rate against them and are not counted.,לימים מסוימים לא נרשם תעריף שעתי והם אינם נספרים.,بعض الأيام بلا أجر بالساعة ولا تُحتسب.,,
ts_no_rate,,No rate recorded,לא נרשם תעריף,لم يُسجَّل أجر,,
ts_partial,,"Part of these hours has no rate, so this figure is short.","לחלק מהשעות אין תעריף, ולכן הסכום חלקי.",جزء من هذه الساعات بلا أجر، لذا هذا المبلغ ناقص.,,
hv_title,,Handover,מסירה,التسليم,,
hv_row_hint,,"What is still open across the whole job, and the pack to hand over.","מה עדיין פתוח בכל הפרויקט, והתיק למסירה.",ما زال مفتوحًا في المشروع كله، والملف الذي يُسلَّم.,,
hv_complete,,Nothing outstanding,אין פתוחים,لا يوجد ما هو معلّق,,
hv_complete_hint,,Every register on this job is clear. The pack can go out as a final one.,כל הפנקסים בפרויקט נקיים. אפשר להוציא את התיק כסופי.,جميع السجلات في هذا المشروع خالية. يمكن إصدار الملف كنهائي.,,
hv_interim,,Interim — things are still open,ביניים — יש דברים פתוחים,مرحلي — ما زالت أمور مفتوحة,,
hv_interim_hint,,"The pack still prints, because an interim one is a real thing — a client asks for the file at the end of a phase, or a subcontractor leaves and wants their part of it. It records what was outstanding at the moment it was produced, so it reads as interim rather than looking final.","התיק עדיין מופק, משום שתיק ביניים הוא דבר אמיתי — לקוח מבקש את התיק בתום שלב, או שקבלן משנה עוזב ורוצה את חלקו. התיק מתעד מה היה פתוח ברגע ההפקה, כך שהוא נקרא כתיק ביניים ולא נראה סופי.",يُطبع الملف رغم ذلك، لأن الملف المرحلي أمر واقعي — يطلب العميل الملف في نهاية مرحلة، أو يغادر مقاول من الباطن ويريد نصيبه منه. يسجّل الملف ما كان معلّقًا لحظة إصداره، فيُقرأ كملف مرحلي لا كنهائي.,,
hv_outstanding,,Still open,עדיין פתוח,ما زال مفتوحًا,,
hv_produced_on,,Produced,הופק,أُصدر,,
hv_export,,Produce the pack,הפקת התיק,إصدار الملف,,
hv_blocking_snags,,Defects holding up handover,ליקויים המעכבים מסירה,عيوب تؤخّر التسليم,,
hv_open_permits,,Permits never signed back,היתרים שלא הוחזרו,تصاريح لم تُغلق,,
hv_scaffolds,,Scaffolds still standing,פיגומים שטרם פורקו,سقالات ما زالت قائمة,,
hv_temporary_works,,Propping not yet struck,תמיכות שטרם פורקו,دعائم لم تُفكّ بعد,,
hv_excavations,,Trenches not backfilled,תעלות שלא הוחזרו,خنادق لم تُردم,,
hv_lifts,,Lifts never marked done,הרמות שלא סומנו כהושלמו,عمليات رفع لم تُعلَّم كمنتهية,,
hv_pours,,Pours never finished,יציקות שלא נסגרו,صبّات لم تُنهَ,,
hv_daily_logs,,Daily logs never signed,יומני עבודה שלא נחתמו,يوميات عمل لم تُوقَّع,,
about_flag,Alt text for the flag in the settings footer,Flag of Israel,דגל ישראל,علم إسرائيل,,
about_edition,Under the app name in the settings footer,"Israel edition — built to Israeli standards, terms and site rules","מהדורת ישראל — לפי התקנים, תנאי התשלום ונהלי האתר הישראליים",إصدار إسرائيل — وفق المواصفات وشروط الدفع وأنظمة المواقع الإسرائيلية,,
wp_title,,Work packages,חבילות עבודה,حزم العمل,,
wp_empty,,No work packages on this job yet,אין עדיין חבילות עבודה בעבודה הזו,لا توجد حزم عمل في هذا المشروع بعد,,
wp_new,,New work package,חבילת עבודה חדשה,حزمة عمل جديدة,,
wp_given,,Given out,נמסר,مُسند لغيرنا,,
wp_taken,,Taken on,התקבל,مُسند إلينا,,
wp_amount,,Agreed amount,סכום מוסכם,المبلغ المتفق عليه,,
wp_stage,,Stage,שלב,المرحلة,,
wp_scope,,Scope of work,תחום עבודה,نطاق العمل,,
wp_location,,Where,היכן,المكان,,
wp_accept,,Accept,קבלה,قبول,,
wp_decline,,Decline,דחייה,رفض المهمة,,
wp_start,,Start work,התחלת עבודה,بدء العمل,,
wp_submit,,Submit for inspection,הגשה לבדיקה,تقديم للفحص,,
wp_approve,,Approve,אישור,اعتماد,,
wp_reject,,Send back,החזרה לתיקון,إرجاع للتصحيح,,
wp_reject_reason,,What needs correcting,מה צריך לתקן,ما الذي يجب تصحيحه,,
wp_reject_hint,,A crew sent back with no reason has nothing to fix.,צוות שמוחזר בלי סיבה לא יודע מה לתקן.,الطاقم الذي يُرجع بدون سبب لا يعرف ما الذي يصلحه.,,
wp_rejected_because,,Sent back:,הוחזר:,أُرجع:,,
wp_need_photo,,Add a photograph before submitting,יש לצרף תמונה לפני הגשה,أضف صورة قبل التقديم,,
wp_need_photo_hint,,"Approval happens in an office days later, by which time the wall is plastered.","האישור נעשה במשרד ימים אחר כך, כשהקיר כבר מטויח.",الاعتماد يتم في المكتب بعد أيام، وعندها يكون الحيط قد لُيّس.,,
wp_invoice,,Raise the application,הגשת חשבון,رفع مطالبة مالية,,
wp_approved_not_paid,,Approved. Not paid — the application still has to run its terms.,אושר. לא שולם — החשבון עדיין כפוף לתנאי התשלום.,مُعتمد. غير مدفوع — المطالبة ما زالت خاضعة لشروط الدفع.,,
wp_status_draft,,Draft,טיוטה,مسودة,,
wp_status_offered,,Offered,הוצע,مُقترح,,
wp_status_accepted,,Accepted,התקבל,مقبول,,
wp_status_declined,,Declined,נדחה,مرفوض,,
wp_status_progress,,In progress,בעבודה,قيد التنفيذ,,
wp_status_submitted,,Awaiting inspection,ממתין לבדיקה,بانتظار الفحص,,
wp_status_rejected,,Sent back,הוחזר,مُرجع,,
wp_status_approved,,Approved,אושר,معتمد,,
wp_status_cancelled,,Cancelled,בוטל,ملغى,,
wp_refused_side,,Only the other side can do that,רק הצד השני יכול לעשות זאת,الطرف الآخر فقط يستطيع ذلك,,
wp_refused_state,,Not possible from here,לא אפשרי מהמצב הזה,غير ممكن من هذه الحالة,,
wp_refused_party,,This is not your agreement,זה אינו ההסכם שלך,هذه ليست اتفاقيتك,,
co_title,,Company profile,פרופיל החברה,ملف الشركة,,
co_logo,,Company mark,סמל החברה,شعار الشركة,,
co_name,,Company name,שם החברה,اسم الشركة,,
co_reg,,Registration number,ח.פ. / ע.מ.,رقم التسجيل,,
co_email,,Email,דוא״ל,البريد الإلكتروني,,
co_phone,,Phone,טלפון,الهاتف,,
co_website,,Website,אתר,الموقع الإلكتروني,,
co_address,,Address,כתובת,العنوان,,
co_licence,,Contractor licence number,מספר רישיון קבלן,رقم رخصة المقاول,,
co_classification,,Classification,סיווג,التصنيف,,
co_visible_to_workers,,Show to the crew,להציג לצוות,إظهار للطاقم,,
co_visible_hint,,Off means only management sees it. Nothing is published unless you turn it on.,כבוי פירושו שרק ההנהלה רואה. שום דבר אינו מפורסם עד שתדליק.,مطفأ يعني أن الإدارة فقط تراه. لا يُنشر شيء حتى تشغّله.,,
co_verified_note,,Recording a licence marks you verified on this app. It is not a statement that you are licensed to do the work — that is between you and the regulator.,רישום רישיון מסמן אתכם כמאומתים באפליקציה. אין בכך קביעה שאתם מורשים לבצע את העבודה — זה עניין שבינכם לבין הרגולטור.,تسجيل الرخصة يضعك كمُوثّق داخل التطبيق. وهذا ليس إقراراً بأنك مرخّص لتنفيذ العمل — تلك مسألة بينك وبين الجهة المنظِّمة.,,
party_client,,Developer / client,יזם / מזמין,مطوّر / مالك المشروع,,
party_gc,,General contractor,קבלן ראשי,مقاول عام,,
party_first,,First-tier subcontractor,קבלן משנה ראשי,مقاول باطن من الدرجة الأولى,,
party_second,,Crew leader / labour-only,ראש צוות / קבלן כוח אדם,رئيس طاقم / مقاول عمالة,,
party_supplier,,Supplier,ספק,مورّد,,
party_consultant,,Consultant / supervisor,יועץ / מפקח,استشاري / مشرف,,
party_title,,Position on this job,תפקיד בעבודה הזו,الموقع في هذا المشروع,,
party_hint,,"What your firm is on this job, which is not what it is on the next one.","מה החברה שלכם בעבודה הזו, וזה לא בהכרח מה שהיא בעבודה הבאה.",ما هي شركتك في هذا المشروع، وهذا ليس بالضرورة ما هي عليه في المشروع التالي.,,
wp_row_hint,Subtitle on the project screen link,What was handed out and what was taken on,מה נמסר ומה התקבל,ما أُسند لغيرنا وما أُسند إلينا,,
eng_title,,Firms on this job,חברות בעבודה הזו,الشركات في هذا المشروع,,
eng_add,,Bring a firm onto the job,הוספת חברה לעבודה,إضافة شركة للمشروع,,
eng_name,,Firm name,שם החברה,اسم الشركة,,
eng_scope,,What they are here to do,מה תפקידם,ما الذي جاؤوا لعمله,,
wp_payee,,Who is doing it,מי מבצע,من سينفّذه,,
wp_title_field,,What the package is,מהי החבילה,ما هي الحزمة,,
eng_self,,What is your firm on this job?,מה החברה שלכם בעבודה הזו?,ما هي شركتكم في هذا المشروع؟,,
eng_self_hint,,"Answer before anything else. Nobody else can say this for you, and until it is answered you cannot bring another firm on.","ענו על כך לפני הכול. אף אחד אחר לא יכול לענות במקומכם, וכל עוד לא עניתם לא תוכלו להוסיף חברה נוספת.",أجب على هذا أولاً. لا أحد غيرك يستطيع تحديده، وحتى تُجيب لا تستطيع إضافة شركة أخرى.,,
ct_title,,Contracts,חוזים,العقود,,
ct_empty,,No contracts on this job yet,אין עדיין חוזים בעבודה הזו,لا توجد عقود في هذا المشروع بعد,,
ct_row_hint,,"What was agreed, and with whom",מה סוכם ועם מי,ما تم الاتفاق عليه ومع من,,
ct_scope,,What it covers,מה הוא כולל,ما الذي يغطيه,,
ct_original,,Original amount,סכום מקורי,المبلغ الأصلي,,
ct_receivable,,You are paid on this,אתם מקבלים על זה,أنتم تُدفعون على هذا,,
ct_payable,,You pay on this,אתם משלמים על זה,أنتم تدفعون على هذا,,
ct_sign,,Sign,חתימה,توقيع,,
ct_signed_by,,Signed by,נחתם על ידי,وقّع عليه,,
ct_unsigned,,Not signed by both sides yet,טרם נחתם על ידי שני הצדדים,لم يوقّعه الطرفان بعد,,
ct_amend,,Propose a change,הצעת שינוי,اقتراح تعديل,,
ct_amend_amount,,New amount,סכום חדש,المبلغ الجديد,,
ct_amend_reason,,Why,סיבה,السبب,,
ct_amend_reason_hint,,"Somebody will ask in three years why this contract is worth what it is worth, and they were not there.","בעוד שלוש שנים מישהו ישאל למה החוזה שווה מה שהוא שווה, והוא לא היה שם.",بعد ثلاث سنوات سيسأل أحدهم لماذا قيمة هذا العقد هي كذا، وهو لم يكن حاضراً.,,
ct_amend_history,,Every figure this contract has been,כל סכום שהחוזה היה,كل مبلغ كان عليه هذا العقد,,
ct_amend_accept,,Accept the change,אישור השינוי,قبول التعديل,,
ct_amend_reject,,Refuse the change,דחיית השינוי,رفض التعديل,,
ct_amend_pending,,Waiting on the other side,ממתין לצד השני,بانتظار الطرف الآخر,,
ct_amend_yours,,You proposed this. The other side accepts or refuses it.,אתם הצעתם זאת. הצד השני מאשר או דוחה.,أنتم اقترحتم هذا. الطرف الآخر يقبل أو يرفض.,,
ct_margin,,Your margin on this job,המרווח שלכם בעבודה הזו,هامشكم في هذا المشروع,,
ct_margin_hint,,"What you are paid, less what you pay out. Only you can see this — it is not on anybody else’s screen.","מה שאתם מקבלים, פחות מה שאתם משלמים. רק אתם רואים זאת — זה לא מופיע במסך של אף אחד אחר.",ما تقبضونه ناقص ما تدفعونه. أنتم فقط ترون هذا — لا يظهر على شاشة أي أحد آخر.,,
wp_claim_title,,Approved and not yet claimed,אושר וטרם נדרש תשלום,معتمد ولم يُطالَب به بعد,,
wp_claim_raise,,Raise a payment application,הגשת חשבון,رفع مطالبة مالية,,
wp_claim_total,,This application will claim,החשבון ידרוש,هذه المطالبة ستطالب بـ,,
wp_claim_cumulative,,"Everything approved to date, not just what is being added. What is actually due is that less retention and less what has already been paid.","כל מה שאושר עד היום, לא רק מה שנוסף כעת. הסכום לתשלום הוא זה פחות עיכבון ופחות מה ששולם כבר.",كل ما اعتُمد حتى اليوم، لا ما يُضاف الآن فقط. المستحق فعلياً هو ذلك ناقص المحتجز وناقص ما دُفع سابقاً.,,
task_stage,,Stage of the job,שלב בעבודה,مرحلة العمل,,
task_stage_none,,No stage,ללא שלב,بدون مرحلة,,
task_stage_hint,,Optional. Worth setting when the same task repeats on several floors — the stage is what tells them apart.,רשות. שווה לקבוע כשאותה משימה חוזרת בכמה קומות — השלב הוא מה שמבדיל ביניהן.,اختياري. يستحق التحديد عندما تتكرر نفس المهمة في عدة طوابق — المرحلة هي ما يميّزها.,,
pay_breakdown,,What this claim covers,ממה מורכבת התביעה,مما تتكون هذه المطالبة,,
pay_breakdown_hint,,"Every approved work package counted in the figure above. A claim is cumulative, so packages from earlier applications are listed again.","כל חבילת עבודה מאושרת שנספרה בסכום שלמעלה. תביעה היא מצטברת, ולכן חבילות מבקשות קודמות מופיעות שוב.",كل حزمة عمل معتمدة محسوبة في المبلغ أعلاه. المطالبة تراكمية، لذلك تظهر حزم المطالبات السابقة مرة أخرى.,,
pay_breakdown_none,,Raised by hand — no work packages attached.,הופקה ידנית — ללא חבילות עבודה מצורפות.,أُنشئت يدويًا — بدون حزم عمل مرفقة.,,
audit_title,,Audit trail,יומן ביקורת,سجل التدقيق,,
audit_hint,,"Every change of consequence, in the order it happened. The trail cannot be edited from inside the app.","כל שינוי בעל משמעות, לפי סדר התרחשותו. לא ניתן לערוך את היומן מתוך האפליקציה.",كل تغيير ذي أثر، بترتيب حدوثه. لا يمكن تعديل السجل من داخل التطبيق.,,
audit_empty,,Nothing recorded yet.,עדיין לא נרשם דבר.,لم يُسجَّل شيء بعد.,,
audit_verify,,Check the trail,בדיקת היומן,فحص السجل,,
audit_intact,,Intact,תקין,سليم,,
audit_intact_detail,,%1$d entries checked and every one adds up.,נבדקו %1$d רשומות וכולן מתאימות.,تم فحص %1$d سجلات وجميعها متطابقة.,,
audit_unchained,,%1$d older entries carry no signature and cannot be checked. They were written before this version.,%1$d רשומות ישנות יותר אינן חתומות ולא ניתן לבדוק אותן. הן נכתבו לפני גרסה זו.,%1$d سجلات أقدم بلا توقيع ولا يمكن فحصها. كُتبت قبل هذا الإصدار.,,
audit_failed,,The trail does not add up,היומן אינו מתאים,السجل غير متطابق,,
audit_fault_altered,,Entry %1$d says something other than what was signed.,רשומה %1$d אומרת דבר שונה ממה שנחתם.,السجل %1$d يقول شيئًا غير ما تم توقيعه.,,
audit_fault_broken,,Entry %1$d does not follow the one before it. Something was removed or replaced.,רשומה %1$d אינה עוקבת אחר קודמתה. משהו הוסר או הוחלף.,السجل %1$d لا يتبع ما قبله. أُزيل شيء أو استُبدل.,,
audit_fault_missing,,An entry before %1$d is gone.,רשומה שלפני %1$d חסרה.,سجل قبل %1$d مفقود.,,
audit_window,,Checks the most recent %1$d entries.,בודק את %1$d הרשומות האחרונות.,يفحص أحدث %1$d سجلات.,,
audit_not_checked,,Not checked yet.,טרם נבדק.,لم يُفحص بعد.,,
audit_export,,Export the trail,ייצוא היומן,تصدير السجل,,
audit_col_seq,,No.,מס',رقم,,
audit_col_when,,When,מתי,متى,,
audit_col_who,,Who,מי,من,,
audit_col_action,,Action,פעולה,إجراء,,
audit_col_what,,What happened,מה קרה,ما الذي حدث,,
audit_col_signature,,Signature,חתימה,توقيع,,
audit_export_checked,,Checked at export,נבדק בעת הייצוא,فُحص عند التصدير,,
audit_export_note,,"Signatures are shortened in the PDF. The CSV carries them in full, and docs/AUDIT.md says how to recompute them.","החתימות מקוצרות ב-PDF. קובץ ה-CSV מכיל אותן במלואן, ו-docs/AUDIT.md מסביר כיצד לחשב אותן מחדש.",التواقيع مختصرة في ملف PDF. ملف CSV يحملها كاملة، و docs/AUDIT.md يوضح كيفية إعادة حسابها.,,
sec_encrypted,,On — the records on this device are encrypted,פעיל — הנתונים במכשיר זה מוצפנים,مفعّل — البيانات على هذا الجهاز مشفّرة,,
sec_encrypted_detail,,The key is held in this device's secure hardware and never leaves it. The database file cannot be read off the phone.,המפתח נשמר בחומרה המאובטחת של המכשיר ואינו יוצא ממנה. לא ניתן לקרוא את קובץ הנתונים מחוץ למכשיר.,المفتاح محفوظ في العتاد الآمن لهذا الجهاز ولا يغادره. لا يمكن قراءة ملف البيانات خارج الهاتف.,,
sec_not_encrypted,,Off — the records on this device are NOT encrypted,כבוי — הנתונים במכשיר זה אינם מוצפנים,غير مفعّل — البيانات على هذا الجهاز غير مشفّرة,,
sec_not_encrypted_detail,,"This device could not load the encryption library, so the app opened the records unprotected rather than refuse to start. ID numbers, photographs and signatures can be read by anyone with access to this phone's files. Report this device before using it for personnel data.","המכשיר לא הצליח לטעון את ספריית ההצפנה, ולכן האפליקציה נפתחה ללא הגנה במקום לסרב לפעול. מספרי זהות, תמונות וחתימות ניתנים לקריאה בידי כל מי שיש לו גישה לקבצי המכשיר. דווחו על מכשיר זה לפני שימוש בנתוני עובדים.",تعذّر على هذا الجهاز تحميل مكتبة التشفير، لذلك فتح التطبيق البيانات دون حماية بدلًا من رفض التشغيل. أرقام الهوية والصور والتواقيع يمكن لأي شخص لديه وصول إلى ملفات هذا الهاتف قراءتها. أبلغ عن هذا الجهاز قبل استخدامه لبيانات العاملين.,,
ret_title,,Keep the audit trail for,שמירת יומן הביקורת למשך,مدة الاحتفاظ بسجل التدقيق,,
ret_hint,,"How long records must be kept is a legal question, and the answer differs for a payment record, a safety inspection and a worker's ID number. The app does not choose for you: nothing is ever deleted until you set a period, and a purge records what it removed.","משך שמירת הרשומות הוא שאלה משפטית, והתשובה שונה עבור רשומת תשלום, בדיקת בטיחות ומספר זהות של עובד. האפליקציה אינה בוחרת עבורכם: דבר אינו נמחק עד שתגדירו תקופה, וכל מחיקה נרשמת.",مدة الاحتفاظ بالسجلات مسألة قانونية، والإجابة تختلف بين سجل دفع وفحص سلامة ورقم هوية عامل. التطبيق لا يختار عنك: لا يُحذف شيء حتى تحدّد مدة، وكل حذف يُسجَّل.,,
ret_keep_all,,Keep everything,לשמור הכל,الاحتفاظ بكل شيء,,
ret_1_year,,1 year,שנה,سنة,,
ret_3_years,,3 years,3 שנים,3 سنوات,,
ret_7_years,,7 years,7 שנים,7 سنوات,,
ret_apply,,Apply now,החל כעת,تطبيق الآن,,
ret_applied,,Removed %1$d entries. The purge is itself recorded in the trail.,הוסרו %1$d רשומות. המחיקה עצמה נרשמה ביומן.,أُزيل %1$d سجلات. عملية الحذف نفسها مسجّلة في السجل.,,
ret_nothing,,Nothing was old enough to remove.,לא נמצאו רשומות ישנות מספיק להסרה.,لا توجد سجلات قديمة بما يكفي للإزالة.,,
inc_title,,Incidents,אירועים,الحوادث,,
inc_add,,Report an incident,דיווח על אירוע,الإبلاغ عن حادث,,
inc_empty,,Nothing reported.,לא דווח דבר.,لم يُبلَّغ عن شيء.,,
inc_hint,,"Write it down while it is fresh, including the near misses. A near miss is the same accident with better luck.","תעדו בזמן אמת, כולל כמעט-תאונות. כמעט-תאונה היא אותה תאונה עם קצת יותר מזל.",سجّل الحادث فور وقوعه، بما في ذلك ما كاد أن يقع. ما كاد أن يقع هو نفس الحادث بحظ أوفر.,,
inc_what,,What happened,מה קרה,ما الذي حدث,,
inc_severity,,How bad,חומרה,الخطورة,,
inc_near_miss,,Near miss,כמעט תאונה,كاد أن يقع,,
inc_minor,,Minor — first aid,קל — עזרה ראשונה,طفيف — إسعاف أولي,,
inc_serious,,Serious — hospital or off work,חמור — בית חולים או היעדרות,خطير — مستشفى أو انقطاع عن العمل,,
inc_fatal,,Fatal,קטלני,مميت,,
inc_escalate,,This may have to be reported to a regulator as well as recorded here. Check your obligations — the app does not decide this for you.,"ייתכן שיש לדווח על אירוע זה גם לרשות המפקחת, ולא רק לתעד אותו כאן. בדקו את חובותיכם — האפליקציה אינה מכריעה בכך עבורכם.",قد يتطلب هذا الحادث إبلاغ الجهة الرقابية إضافة إلى تسجيله هنا. تحقّق من التزاماتك — التطبيق لا يقرر ذلك نيابة عنك.,,
inv_no_movements,,No movements yet,אין עדיין תנועות,لا توجد حركات بعد,,
proj_parts,,Parts of this job,חלקים של העבודה,أجزاء هذا العمل,,
proj_add_part,,Add a part,הוספת חלק,إضافة جزء,,
proj_part_of,,Part of,חלק מתוך,جزء من,,
proj_no_parts,,Not broken into parts.,לא מחולק לחלקים.,غير مقسم إلى أجزاء.,,
proj_part_hint,,"A floor, a flat, a plot — whatever this job is made of.","קומה, דירה, מגרש — ממה שהעבודה מורכבת.",طابق أو شقة أو قطعة — مما يتكوّن هذا العمل.,,
proj_street,,Street and number,רחוב ומספר,الشارع والرقم,,
proj_city,,City,עיר,المدينة,,
proj_postal_code,,Postal code,מיקוד,الرمز البريدي,,
proj_client_phone,,Client phone,טלפון הלקוח,هاتف الزبون,,
proj_no_date,,Not set,לא נקבע,غير محدد,,
action_clear,,Clear,ניקוי,مسح,,
proj_where_and_who,,"Where it is, and who it is for",איפה זה ולמי,أين هو ولمن,,
proj_no_address,,No address yet.,עדיין אין כתובת.,لا يوجد عنوان بعد.,,
proj_open_map,,Map,מפה,خريطة,,
sch_assign,,Assign,שיוך,إسناد,,
sch_nobody,,Nobody yet,עדיין אף אחד,لا أحد بعد,,
sch_unassign,,Nobody,אף אחד,لا أحد,,
sch_which_job,,Which job?,לאיזו עבודה?,على أي عمل؟,,
saf_sign_here,,Sign here,חתמו כאן,وقّع هنا,,
priv_lead,Privacy screen: the whole of it in one sentence,Everything you record stays on this phone.,כל מה שאתם רושמים נשאר בטלפון הזה.,كل ما تُسجّله يبقى على هذا الهاتف.,,
priv_where_title,,Where your work is kept,היכן נשמרת העבודה שלכם,أين يُحفظ عملك,,
priv_where_body,,"Jobs, crew, photographs, signatures, checklists and money are held in a database on this phone, and so are the names and phone numbers of visitors signed in at a site, of anybody who made a complaint about one and left a way to answer them, and of the people from outside the firm listed as a job's contacts. Visitors' and complainants' details are never printed or exported; a job's contacts are, in the directory somebody chooses to print for the site office. There is no account with us and no server holding a copy.","עבודות, צוות, תמונות, חתימות, רשימות בדיקה וכספים נשמרים במסד נתונים בטלפון הזה, וכך גם שמות ומספרי טלפון של מבקרים שנרשמו באתר, של מי שהתלונן על אתר והשאיר דרך לענות לו, ושל אנשים מחוץ לחברה שרשומים כאנשי הקשר של עבודה. פרטי מבקרים ומתלוננים לעולם אינם מודפסים או מיוצאים; אנשי הקשר של עבודה כן, ברשימה שמישהו בוחר להדפיס למשרד האתר. אין חשבון אצלנו ואין שרת שמחזיק עותק.",الأعمال والطاقم والصور والتواقيع وقوائم الفحص والمال محفوظة في قاعدة بيانات على هذا الهاتف، وكذلك أسماء وأرقام هواتف الزوار المسجلين في الموقع، ومَن اشتكى من موقع وترك وسيلة للرد عليه، والأشخاص من خارج الشركة المدرجين كجهات اتصال لمشروع. بيانات الزوار والمشتكين لا تُطبع أو تُصدَّر أبدًا؛ أما جهات اتصال المشروع فتُطبع، في الدليل الذي يختار أحدهم طباعته لمكتب الموقع. لا يوجد حساب لدينا ولا خادم يحتفظ بنسخة.,,
priv_network_title,,The one thing that leaves the phone,הדבר היחיד שיוצא מהטלפון,الشيء الوحيد الذي يغادر الهاتف,,
priv_network_body,,"When you press Check for updates, the app asks GitHub whether a newer version has been published. That request carries nothing about your jobs, your crew or your site. It happens when you press the button and at no other time.","כשלוחצים על בדיקת עדכונים, האפליקציה שואלת את GitHub אם פורסמה גרסה חדשה. בבקשה הזו אין דבר על העבודות, הצוות או האתר שלכם. היא נשלחת רק בלחיצה על הכפתור ולא בשום מועד אחר.",عند الضغط على التحقق من التحديثات، يسأل التطبيق GitHub إن كانت هناك نسخة أحدث. هذا الطلب لا يحمل شيئًا عن أعمالك أو طاقمك أو موقعك. ويحدث عند الضغط على الزر فقط.,,
priv_none_title,,What the app does not do,מה האפליקציה אינה עושה,ما لا يفعله التطبيق,,
priv_none_body,,"No analytics, no advertising and no tracking of any kind. Nothing is shared with anybody, because there is nowhere for it to go.","אין איסוף נתוני שימוש, אין פרסומות ואין מעקב מכל סוג. שום דבר אינו משותף עם אף אחד, כי אין לאן.",لا تحليلات ولا إعلانات ولا تتبّع من أي نوع. لا تُشارَك أي معلومة مع أحد، لأنه لا يوجد مكان تذهب إليه.,,
priv_perm_title,,What the permissions are for,לשם מה ההרשאות,لماذا الأذونات,,
priv_perm_body,,"The camera takes the photographs you attach to a job, a snag or a violation, and they are saved on this phone. Internet access is used only for the update check above.","המצלמה מצלמת את התמונות שאתם מצרפים לעבודה, לליקוי או להפרה, והן נשמרות בטלפון הזה. הגישה לאינטרנט משמשת רק לבדיקת העדכונים שלמעלה.",الكاميرا تلتقط الصور التي ترفقها بعمل أو ملاحظة أو مخالفة، وتُحفظ على هذا الهاتف. الوصول إلى الإنترنت يُستخدم فقط لفحص التحديثات أعلاه.,,
priv_crew_title,,If your firm installed this,אם החברה שלכם התקינה את זה,إذا ثبّتت شركتك هذا التطبيق,,
priv_crew_body,,What you record can be seen by the people your role in the firm allows — that is what the roles are for. It is still only on the phones it was entered on.,"מה שאתם רושמים גלוי לאנשים שהתפקיד שלכם בחברה מתיר — לשם כך קיימים התפקידים. עדיין, הכול נמצא רק במכשירים שבהם הוזן.",ما تُسجّله يمكن أن يراه من يسمح لهم دورك في الشركة — لهذا وُجدت الأدوار. ومع ذلك يبقى فقط على الأجهزة التي أُدخل فيها.,,
priv_delete_title,,Removing it,מחיקה,الحذف,,
priv_delete_body,,"Settings → Delete everything empties the database on this phone. Because nothing ever left it, there is nothing anywhere else to ask for. A backup you took is a file you hold; delete it wherever you put it.","הגדרות ← מחיקת הכול מרוקנת את מסד הנתונים בטלפון הזה. מכיוון ששום דבר לא יצא ממנו, אין ממה לבקש מחיקה במקום אחר. גיבוי שיצרתם הוא קובץ שלכם; מחקו אותו במקום שבו שמרתם אותו.",الإعدادات ← حذف كل شيء يُفرغ قاعدة البيانات على هذا الهاتف. وبما أن شيئًا لم يغادره، لا يوجد مكان آخر تطلب منه الحذف. النسخة الاحتياطية التي أخذتها ملف بحوزتك؛ احذفه حيث وضعته.,,
priv_future_title,,When this changes,מתי זה ישתנה,متى يتغيّر هذا,,
priv_future_body,,"A server is planned, so that phones can sync and a lost phone is not a lost site. Nothing goes to one until it exists, and this page will say so before anything does.","מתוכנן שרת, כדי שמכשירים יוכלו להסתנכרן וטלפון שאבד לא יהיה אתר שאבד. שום דבר לא יישלח לשרת עד שיהיה קיים, והדף הזה יעודכן לפני כן.",هناك خادم مخطَّط له، كي تتزامن الأجهزة ولا يعني فقدان الهاتف فقدان الموقع. لن يذهب شيء إليه قبل وجوده، وستُحدَّث هذه الصفحة قبل ذلك.,,
set_plans,,Plans and pricing,מסלולים ומחירים,الباقات والأسعار,,
plans_lead,,"Priced per company, not per person. The boss pays; the crew does not.","המחיר לפי חברה, לא לפי אדם. הבוס משלם, הצוות לא.",السعر لكل شركة، لا لكل شخص. المعلم يدفع، والطاقم لا.,,
plans_safety_title,,Never behind a payment,לעולם לא בתשלום,لا يُدفع مقابله أبدًا,,
plans_safety_body,,"Admission at the gate, the safety induction, reading a permit, reporting an incident or a near miss, seeing a violation written against you, clocking in and out, and reading or exporting anything already recorded. Free on every plan, for ever, including after a subscription runs out.","כניסה בשער, תדרוך בטיחות, קריאת היתר עבודה, דיווח על תאונה או כמעט נפגע, צפייה בעבירה שנרשמה נגדך, דיווח נוכחות, וקריאה או יצוא של כל מה שכבר נרשם. חינם בכל מסלול, לתמיד, גם אחרי שהמנוי נגמר.",الدخول من البوابة، والتوجيه الأمني، وقراءة تصريح العمل، والإبلاغ عن حادث أو عن موقف وشيك، ورؤية مخالفة مسجّلة بحقك، وتسجيل الحضور والانصراف، وقراءة أو تصدير كل ما سُجّل. مجانًا في كل باقة، دائمًا، وحتى بعد انتهاء الاشتراك.,,
plans_free,,Free,חינם,مجانًا,,
plans_pro,,Pro,פרו,برو,,
plans_site,,Site,אתר,موقع,,
plans_free_price,,No charge,ללא תשלום,بلا مقابل,,
plans_pro_price,,"₪49 a month, or ₪490 a year","₪49 לחודש, או ₪490 לשנה",₪49 شهريًا، أو ₪490 سنويًا,,
plans_site_price,,"₪149 a month, or ₪1,490 a year","₪149 לחודש, או ₪1,490 לשנה","₪149 شهريًا، أو ₪1,490 سنويًا",,
plans_free_for,,"A sole trader or a small crew. Everything works: the catalogue, all five lenses, the registers, the photographs, the audit trail.","עצמאי או צוות קטן. הכול עובד: הקטלוג, חמש העדשות, היומנים, התמונות ונתיב הביקורת.",عامل مستقل أو طاقم صغير. كل شيء يعمل: الكتالوج، والعدسات الخمس، والسجلات، والصور، ومسار التدقيق.,,
plans_pro_for,,A firm with a crew. Adds more than one company on a device and a signed audit export a third party can check.,"חברה עם צוות. מוסיף יותר מחברה אחת במכשיר אחד, ויצוא ביקורת חתום שגורם שלישי יכול לבדוק.",شركة لديها طاقم. تضيف أكثر من شركة على الجهاز الواحد، وتصدير تدقيق موقّع يمكن لجهة ثالثة التحقق منه.,,
plans_site_for,,"A main contractor. Adds subcontractor chains, contracts and work packages, and payment applications with certification and retention.","קבלן ראשי. מוסיף שרשרות קבלני משנה, חוזים וחבילות עבודה, וחשבונות חלקיים עם אישור ועיכבון.",مقاول رئيسي. يضيف سلاسل مقاولي الباطن، والعقود وحزم العمل، ومطالبات الدفع مع الاعتماد والمحتجز.,,
plans_seats_free,,Up to 3 people,עד 3 אנשים,حتى 3 أشخاص,,
plans_seats_pro,,Up to 15 people,עד 15 אנשים,حتى 15 شخصًا,,
plans_seats_site,,No limit on people,ללא הגבלה על מספר האנשים,بلا حد لعدد الأشخاص,,
plans_year_note,,A year is two months free.,תשלום שנתי הוא שני חודשים חינם.,الاشتراك السنوي يعني شهرين مجانًا.,,
plans_vat,,Prices include VAT at 18%.,"המחירים כוללים מע""מ בשיעור 18%.",الأسعار شاملة ضريبة القيمة المضافة 18%.,,
plans_current,,Your plan,המסלול שלך,باقتك,,
plans_on_the_books,,People on the books,אנשים בספרים,الأشخاص المسجلون,,
plans_not_yet_title,,Nothing to pay yet,אין עדיין מה לשלם,لا شيء للدفع بعد,,
plans_not_yet_body,,"Everybody is on the free plan and no limit is enforced. Buying is not switched on until the subscription can be checked against something other than this phone, and a limit that could be lifted by tapping a button on your own device is not a limit.","כולם במסלול החינם ואין אכיפה של שום מגבלה. הרכישה לא תיפתח עד שאפשר יהיה לבדוק את המנוי מול משהו שאינו הטלפון הזה, ומגבלה שניתן להסיר בלחיצה על המכשיר שלך אינה מגבלה.",الجميع على الباقة المجانية ولا يُفرض أي حد. لن يُفتح الشراء قبل أن يصبح بالإمكان التحقق من الاشتراك مقابل جهة غير هذا الهاتف؛ والحد الذي يمكن رفعه بضغطة زر على جهازك ليس حدًا.,,
ptw_sign,,Sign to issue,חתמו כדי להנפיק,وقّع للإصدار,,
acc_username,,Username,שם משתמש,اسم المستخدم,,
acc_username_hint,,What you will type to sign in. Short is better on a site.,מה שתקלידו כדי להיכנס. קצר עדיף באתר.,ما ستكتبه لتسجيل الدخول. الأقصر أفضل في الموقع.,,
acc_phone,,Phone number,מספר טלפון,رقم الهاتف,,
acc_phone_hint,,How the site reaches you. Required.,כך האתר משיג אתכם. חובה.,بهذا يصل إليك الموقع. مطلوب.,,
acc_email,,Email address (optional),כתובת אימייל (לא חובה),البريد الإلكتروني (اختياري),,
acc_phone_missing,,A phone number is needed.,צריך מספר טלפון.,رقم الهاتف مطلوب.,,
acc_phone_not_a_number,,That is not a phone number.,זה לא מספר טלפון.,هذا ليس رقم هاتف.,,
acc_phone_too_short,,That is too short to be a phone number.,זה קצר מדי בשביל מספר טלפון.,هذا أقصر من أن يكون رقم هاتف.,,
acc_phone_too_long,,That is longer than any phone number.,זה ארוך מכל מספר טלפון.,هذا أطول من أي رقم هاتف.,,
acc_phone_repeated,,A number somebody can actually be reached on.,מספר שאפשר באמת להשיג בו מישהו.,رقم يمكن الوصول إلى صاحبه فعلاً.,,
acc_email_bad,,That does not look like an email address.,זה לא נראה ככתובת אימייל.,هذا لا يبدو كبريد إلكتروني.,,
audit_exported,Audit action: a record was exported out of the app,Exported,יוצא,صُدِّر,,
audit_purged,Audit action: old entries were removed,Purged,נוקה,طُهِّر,,
acc_have_account,,I already have an account,כבר יש לי חשבון,لدي حساب بالفعل,,
acc_none_on_device,,"There are no accounts on this phone yet. Accounts are kept on the device, so one made on another phone cannot be reached from here until the company has a server. Create an account to get started.","אין עדיין חשבונות בטלפון הזה. החשבונות נשמרים במכשיר, ולכן חשבון שנוצר בטלפון אחר אינו נגיש מכאן עד שתהיה לחברה שרת. צרו חשבון כדי להתחיל.",لا توجد حسابات على هذا الهاتف بعد. الحسابات محفوظة على الجهاز، لذلك لا يمكن الوصول من هنا إلى حساب أُنشئ على هاتف آخر حتى يكون للشركة خادم. أنشئ حسابًا للبدء.,,
role_safety_officer,,Safety officer,ממונה בטיחות,مسؤول السلامة,,
role_safety_officer_hint,,"Records violations and incidents against named people. Sees who somebody is, never what they are paid.","רושם הפרות ואירועים על שם אנשים מזוהים. רואה מי האדם, לעולם לא כמה הוא מקבל.",يسجّل المخالفات والحوادث بأسماء أشخاص محددين. يرى هوية الشخص، ولا يرى أجره أبدًا.,,
find_by_id,,ID number,מספר זהות,رقم الهوية,,
find_by_id_hint,,Type the number from their card. Names on a site repeat; this does not.,"הקלידו את המספר מהתעודה. שמות באתר חוזרים על עצמם, המספר לא.",اكتب الرقم من بطاقته. الأسماء في الموقع تتكرر، وهذا الرقم لا يتكرر.,,
find_nobody,,No one has that ID number. They have to create an account before they can be added.,אין אף אחד עם מספר הזהות הזה. עליו ליצור חשבון לפני שניתן להוסיף אותו.,لا يوجد أحد بهذا الرقم. عليه إنشاء حساب قبل أن يمكن إضافته.,,
vio_title,,Violations,הפרות,المخالفات,,
vio_new,,Record a violation,רישום הפרה,تسجيل مخالفة,,
vio_none,,Nothing recorded.,לא נרשם דבר.,لم يُسجَّل شيء.,,
vio_what,,What was wrong,מה הייתה ההפרה,ما هي المخالفة,,
vio_cost,,"Cost, if any","עלות, אם יש",التكلفة، إن وُجدت,,
vio_cost_hint,,Leave empty for no charge. Empty and zero are not the same.,השאירו ריק אם אין חיוב. ריק ואפס אינם אותו דבר.,اتركه فارغًا إذا لا توجد تكلفة. الفارغ والصفر ليسا سواء.,,
vio_evidence,,Photograph or video,תמונה או סרטון,صورة أو فيديو,,
vio_confirm,,Confirm,אישור,تأكيد,,
vio_confirm_warning,,"Once confirmed this cannot be changed or withdrawn, and the person it names will see it.","לאחר אישור לא ניתן לשנות או לבטל, והאדם ששמו רשום יראה זאת.",بعد التأكيد لا يمكن التغيير أو السحب، والشخص المذكور سيراها.,,
vio_draft,,Draft — only you can see this,טיוטה — רק אתם רואים זאת,مسودة — أنت وحدك تراها,,
vio_confirmed,,Confirmed,אושר,مؤكَّدة,,
vio_cancelled,,Cancelled,בוטל,مُلغاة,,
vio_need_person,,Choose who this is against.,בחרו נגד מי ההפרה.,اختر ضد من هذه المخالفة.,,
vio_need_evidence,,Attach a photograph or a video. A violation with a cost and nothing to show is one person's word.,צרפו תמונה או סרטון. הפרה עם עלות וללא ראיה היא מילה של אדם אחד.,أرفق صورة أو فيديو. مخالفة بتكلفة وبلا دليل هي كلمة شخص واحد.,,
vio_need_description,,Write what was wrong.,כתבו מה הייתה ההפרה.,اكتب ما هي المخالفة.,,
po_due,Row on a purchase order: when the delivery is expected,Due,צפוי להגיע,موعد الوصول,,
po_no_due,The supplier has not said when it is coming,The supplier has not said,הספק לא אמר,المورّد لم يحدّد,,
po_when_due,Dialog title when placing an order: ask for the delivery date,When is it due?,מתי זה אמור להגיע?,متى من المفترض أن تصل؟,,
saf_what_is_wrong,Field on a failed checklist row: describe the failure,What is wrong,מה לא תקין,ما هو الخلل,,
saf_fail_needs_words,Hint under the field on a failed check,A failed check with no words is a row nobody can act on six months later.,כשל בלי הסבר הוא שורה שאי אפשר לפעול לפיה כעבור חצי שנה.,بند راسب بلا شرح هو سطر لا يمكن التصرف بناءً عليه بعد ستة أشهر.,,
saf_photograph,Button on a failed checklist row: attach a photograph,Photograph it,צילום,صوّرها,,
vio_job,Row on the violation draft: which job it happened on,Which job,באיזו עבודה,في أي عمل,,
vio_no_job,"The violation was not on a job — a yard, a van, the road",Not on a job,לא בעבודה מסוימת,ليست ضمن عمل,,
vio_refused_officer,Dialog: the account may not write violations for this company,You are not allowed to record violations here.,אין לכם הרשאה לרשום הפרות כאן.,لا تملك صلاحية تسجيل المخالفات هنا.,,
vio_refused_books,"Dialog: signed in, but a member of no company at all","You are not on any company's books. Create a company or join one, then record it.","אינכם רשומים באף חברה. פתחו חברה או הצטרפו לאחת, ואז רשמו את ההפרה.",لست مسجَّلًا في أي شركة. أنشئ شركة أو انضم إلى واحدة، ثم سجّل المخالفة.,,
vio_refused_state,Dialog: the violation is already confirmed or cancelled,This one has already been confirmed or cancelled. It cannot be changed.,הפרה זו כבר אושרה או בוטלה. לא ניתן לשנות אותה.,هذه المخالفة أُكِّدت أو أُلغيت بالفعل. لا يمكن تغييرها.,,
vio_refused_incomplete,Dialog: confirm was refused because something is missing,"Something is still missing: who it is against, what was wrong, and a photograph or a video.","עדיין חסר משהו: נגד מי ההפרה, מה הייתה ההפרה, ותמונה או סרטון.",لا يزال هناك نقص: ضد من هي المخالفة، وما هي، وصورة أو فيديو.,,
vio_refused_cost,Dialog: a negative cost was rejected,A cost cannot be less than zero. Leave it empty for no charge.,עלות אינה יכולה להיות שלילית. השאירו ריק אם אין חיוב.,لا يمكن أن تكون التكلفة أقل من صفر. اتركها فارغة إذا لا يوجد مبلغ.,,
vio_refused_unknown,Dialog: the write failed for a reason the app has no better sentence for,That could not be saved.,לא ניתן היה לשמור.,تعذّر الحفظ.,,
gate_title,Screen title: signing people onto the site at the gate,Site entry,כניסה לאתר,الدخول إلى الموقع,,
gate_find,Section header above the ID number field,Who is at the gate,מי בשער,من على البوابة,,
gate_find_hint,Under the ID field. Says the number is checked against a face.,The number on their card. Their photograph comes back with it.,המספר שעל התעודה. התמונה שלהם מוצגת יחד איתו.,الرقم المدوّن على بطاقتهم. صورتهم تظهر معه.,,
gate_not_found,No account has that ID number.,"Nobody has that ID number. They sign up on their own phone first, then come back.",אין אף אחד עם מספר זהות זה. שיירשמו קודם בטלפון שלהם ויחזרו.,لا يوجد أحد بهذا رقم الهوية. عليهم التسجيل أولاً من هاتفهم ثم العودة.,,
gate_grants,"Under the found person's card. %1$s is a role name, e.g. Worker.",Will be signed onto the site as: %1$s. Their rank is set afterwards by whoever engaged them.,ייכנס לאתר בתור: %1$s. הדרגה נקבעת לאחר מכן על ידי מי שהעסיק אותו.,سيُسجَّل في الموقع بصفة: %1$s. أما رتبته فيحددها لاحقاً من كلّفه بالعمل.,,
gate_already_in,The person found is already on this company's books.,Already signed onto this site. Nothing to do.,כבר רשום באתר הזה. אין מה לעשות.,مسجَّل في هذا الموقع مسبقاً. لا حاجة لأي إجراء.,,
gate_sign,Section header above the signature pad,Their signature,החתימה שלהם,توقيعهم,,
gate_sign_body,Explains what the person at the gate is signing for.,Hand them the phone. They sign to say they have been briefed on this site's safety rules.,מסרו להם את הטלפון. הם חותמים על כך שקיבלו תדריך בטיחות לאתר הזה.,أعطهم الهاتف. يوقّعون إقراراً بأنهم تلقّوا تعليمات السلامة الخاصة بهذا الموقع.,,
gate_need_signature,Why the admit button is disabled.,Not signed yet.,עדיין לא חתמו.,لم يوقّعوا بعد.,,
gate_admit,The button that puts the person onto the site.,Sign them onto the site,הכניסו לאתר,سجّلهم في الموقع,,
gate_admitted,Confirmation after an admission. %1$s is the person's name.,%1$s is on the site.,%1$s נמצא באתר.,%1$s أصبح في الموقع.,,
gate_not_yours,Shown to a role that may not admit people.,Signing people onto the site is not one of yours. The site manager or the safety officer does it.,הכנסת אנשים לאתר אינה בסמכותכם. מנהל העבודה או ממונה הבטיחות עושה זאת.,تسجيل الأشخاص في الموقع ليس من صلاحياتك. يقوم بذلك مدير الموقع أو مسؤول السلامة.,,
people_gate,Entry point on the People screen that opens the gate.,Sign someone onto the site,הכניסו מישהו לאתר,سجّل شخصاً في الموقع,,
inc_evidence,Button that attaches a photo or video to an incident. %1$d is how many are attached.,Photograph or video (%1$d),תמונה או סרטון (%1$d),صورة أو فيديو (%1$d),,
inc_need_evidence,Why the save button is disabled: no photo or video attached yet.,"Attach a photograph or a video. By the time this is argued about, the ladder has been moved.","צרפו תמונה או סרטון. עד שיתווכחו על זה, הסולם כבר יוזז.",أرفق صورة أو فيديو. بحلول وقت الجدال حول ما جرى، يكون السلّم قد نُقل.,,
inc_need_description,Why the save button is disabled: nothing written.,Write what happened.,כתבו מה קרה.,اكتب ما الذي حدث.,,
inc_cost,Optional cost field on an incident report.,"Cost, if known","עלות, אם ידועה",التكلفة، إن كانت معروفة,,
inc_cost_hint,Under the cost field. Explains that blank and zero differ.,Leave it empty if nobody knows yet. Empty and zero are not the same.,השאירו ריק אם עדיין לא ידוע. ריק ואפס אינם אותו דבר.,اتركه فارغًا إن لم يُعرف بعد. الفارغ والصفر ليسا سواء.,,
inc_bad_cost,"The cost field holds something that is not a number, or is negative.",That is not an amount. Leave it empty if you do not know.,זה אינו סכום. השאירו ריק אם אינכם יודעים.,هذا ليس مبلغًا. اتركه فارغًا إن كنت لا تعرف.,,
ts_not_whole_job,The reconciliation covers only the people this viewer may price.,"This covers only the people whose pay you may see, so it is not the job's whole labour.","זה מכסה רק את מי שאתם רשאים לראות את שכרם, ולכן אינו כל העבודה בפרויקט.",هذا يشمل فقط من يحقّ لك الاطلاع على أجورهم، فهو ليس كامل العمالة في المشروع.,,
ts_all_withheld,Empty state when every person on the job is above this viewer in the chain.,None of the hours on this job are yours to price.,אף אחת מהשעות בפרויקט זה אינה בסמכותכם לתמחר.,لا شيء من ساعات هذا المشروع من صلاحيتك تسعيره.,,
ts_withheld_hint,Under the empty state: explains the chain of command rule.,"You see the pay of the people who answer to you, and your own. Nobody sees their own boss's.","אתם רואים את שכרם של מי שכפוף לכם, ואת שלכם. איש אינו רואה את שכר הממונה עליו.",ترى أجور من هم تحت إمرتك، وأجرك أنت. ولا أحد يرى أجر من هو فوقه.,,
people_reports_to,Label on the member sheet: who this person answers to.,Answers to,כפוף ל,يتبع لـ,,
people_reports_to_nobody,Shown when a member has no manager set.,Nobody yet — the owner,עדיין אף אחד — הבעלים,لا أحد بعد — المالك,,
people_reports_hint,Explains what setting a manager does.,"Whoever someone answers to can see what they are paid. Nobody else can, including people beside them and above them.","מי שאדם כפוף לו רואה את שכרו. אף אחד אחר לא, לרבות עמיתים והממונים עליו.",من يتبع له الشخص يرى أجره. ولا يراه أحد غيره، لا زملاؤه ولا من هم فوقه.,,
people_chain_not_yours,Refusal: the actor is not above this person in the chain.,"Only somebody above them can move them, and you are not.","רק מי שמעליהם יכול להעביר אותם, ואתם לא.",لا ينقلهم إلا من هو فوقهم، ولست كذلك.,,
people_chain_yourself,Refusal: you cannot change who you answer to.,You cannot move yourself. Whoever you answer to does that.,אינכם יכולים להעביר את עצמכם. מי שאתם כפופים לו עושה זאת.,لا يمكنك نقل نفسك. من تتبع له هو من يفعل ذلك.,,
people_chain_loop,Refusal: the move would put a circle in the chain.,That would put a circle in the chain: they are already above the person you picked.,זה ייצור מעגל בשרשרת: הם כבר מעל האדם שבחרתם.,هذا سيُنشئ حلقة مغلقة: هم بالفعل فوق الشخص الذي اخترته.,,
people_chain_unknown,Refusal: the person or the manager is not on this company's books.,Not on this company's books.,לא רשומים בחברה זו.,غير مسجّل في دفاتر هذه الشركة.,,
crew_title,"Screen title: the crew, listed by trade, with faces",Who is on site,מי באתר,من في الموقع,,
crew_none,No one on the books matches the chosen trade.,Nobody on the books for that trade.,אין אף אחד רשום למקצוע הזה.,لا أحد مسجّل لهذه المهنة.,,
crew_trade,Label for the trade a person works in.,Trade,מקצוע,المهنة,,
crew_inducted,Label for the date somebody signed the safety induction.,Inducted,תודרך,تلقّى التدريب,,
crew_no_money,"Says plainly why a profile shows no wages, so an absence is not read as a gap.",Nothing about pay here. Only somebody above them in the chain of command sees that.,אין כאן דבר על שכר. רק מי שמעליהם בשרשרת הפיקוד רואה זאת.,لا شيء هنا عن الأجر. لا يراه إلا من هو فوقهم في سلسلة القيادة.,,
crew_contact,,Contact,יצירת קשר,الاتصال,,
crew_call,,Call,התקשר,اتصال,,
crew_whatsapp,,WhatsApp,וואטסאפ,واتساب,,
crew_email,,Email,אימייל,البريد الإلكتروني,,
crew_no_phone,,No phone number on file for this person.,אין מספר טלפון רשום לאדם הזה.,لا يوجد رقم هاتف مسجل لهذا الشخص.,,
crew_correct,Button and dialog title: fix what the crew list says about somebody,Correct these details,תיקון הפרטים,تصحيح التفاصيل,,
crew_id_locked,Why the ID number cannot be edited once it is set,The ID number is set and cannot be changed here. It is on the gate list and on the induction record — ask the office.,מספר תעודת הזהות כבר נקבע ולא ניתן לשנותו כאן. הוא מופיע ברשימת הכניסה וברישום ההדרכה — פנו למשרד.,رقم الهوية مثبَّت ولا يمكن تغييره هنا. فهو مدرج في قائمة البوابة وفي سجل التوجيه — راجع المكتب.,,
crew_need_name,Refusal: the name field was left empty,A name is needed. A row with nobody's name on it is a row nobody can read.,נדרש שם. שורה בלי שם היא שורה שאיש לא יכול לקרוא.,الاسم مطلوب. سطر بلا اسم هو سطر لا يستطيع أحد قراءته.,,
crew_not_on_books,Refusal: that person is not a member of the company being worked in,They are not on this company's books.,הם אינם רשומים בחברה הזו.,هذا الشخص ليس مسجَّلًا في هذه الشركة.,,
crew_no_such_person,"Refusal: the account has gone, or was removed",That person's record could not be found.,לא נמצא רישום עבור אדם זה.,تعذّر العثور على سجل هذا الشخص.,,
crew_correct_failed,Refusal: the correction failed for a reason with no better sentence,That could not be saved.,לא ניתן היה לשמור.,تعذّر الحفظ.,,
crew_no_violations,Nobody has confirmed a violation against this person.,Nothing confirmed against them.,לא אושרה נגדם אף הפרה.,لا توجد مخالفات مؤكدة بحقهم.,,
crew_open,"Entry point that opens the crew list, by trade, with faces.",Find someone by trade,חיפוש לפי מקצוע,ابحث عن شخص حسب المهنة,,
home_changes,Section header on the dashboard: recent changes this person may see,What changed,מה השתנה,ما الذي تغيّر,,
backup_title,Settings section: taking the record off the phone and putting it back,Backup,גיבוי,النسخ الاحتياطي,,
backup_why,Explains why a backup matters when everything is on one device.,"Everything is on this phone and nothing is on a server. Lose the phone and you lose the site diary, unless you have a backup.","הכול נמצא בטלפון הזה ודבר אינו בשרת. אובדן הטלפון הוא אובדן יומן העבודה, אלא אם יש גיבוי.",كل شيء على هذا الهاتف ولا شيء على خادم. فقدان الهاتف يعني فقدان يوميات الموقع، إلا إذا كان لديك نسخة احتياطية.,,
backup_take,Button that writes a backup file.,Back up,גיבוי,أنشئ نسخة,,
backup_restore,Button that opens a backup file to restore from.,Restore,שחזור,استعادة,,
backup_working,Shown while a backup or restore is running.,"Working. This takes a while, because the photographs go in too.","בעבודה. זה לוקח זמן, כי גם התמונות נכללות.",جارٍ العمل. يستغرق هذا وقتًا، لأن الصور مُضمَّنة أيضًا.,,
backup_done,Backup written. %1$d is how many photos and videos went in.,"Backed up, with %1$d photographs and videos. Keep the file somewhere that is not this phone.","הגיבוי הושלם, כולל %1$d תמונות וסרטונים. שמרו את הקובץ במקום שאינו הטלפון הזה.",تم النسخ، مع %1$d صورة وفيديو. احتفظ بالملف في مكان غير هذا الهاتف.,,
backup_staged,A restore is unpacked and waiting for the app to be restarted. %1$s is when the backup was taken.,"Ready to restore the backup from %1$s. The app has to close and open again to finish, because the file it would replace is the one it is running on. Nothing has changed yet.","מוכן לשחזור הגיבוי מ־%1$s. כדי לסיים, האפליקציה צריכה להיסגר ולהיפתח מחדש — הקובץ שאמור להיות מוחלף הוא הקובץ שהיא פועלת עליו. עדיין לא השתנה דבר.",جاهز لاستعادة النسخة من %1$s. لإتمام العملية على التطبيق أن يُغلق ثم يُفتح من جديد، لأن الملف المراد استبداله هو الملف الذي يعمل عليه. لم يتغيّر شيء بعد.,,
backup_older_version,The backup predates the installed version; migrations will run.,It was taken by an older version. It will be brought up to date as it is restored.,הגיבוי נלקח בגרסה ישנה יותר. הוא יעודכן במהלך השחזור.,أُخذت النسخة بإصدار أقدم. سيجري تحديثها أثناء الاستعادة.,,
backup_cancel_restore,Abandons a staged restore before the restart.,Do not restore after all,ביטול השחזור,تراجع عن الاستعادة,,
backup_restored,Shown at launch after a restore was applied.,Restored from a backup.,שוחזר מגיבוי.,تمت الاستعادة من نسخة احتياطية.,,
backup_refused_file,The chosen file is not a backup from this app.,That is not a backup from this app.,זה אינו קובץ גיבוי של האפליקציה הזו.,هذا ليس ملف نسخة احتياطية من هذا التطبيق.,,
backup_newer_app,The backup was written by a newer version of the app.,"That backup was made by a newer version of the app. Update first, then restore it.",הגיבוי נוצר בגרסה חדשה יותר של האפליקציה. עדכנו תחילה ואז שחזרו.,أُنشئت هذه النسخة بإصدار أحدث من التطبيق. حدّث أولًا ثم استعِد.,,
backup_rolled_back,The restore failed part way and the original was put back.,"The restore did not finish, and everything you had is still here. Try again.","השחזור לא הושלם, וכל מה שהיה לכם עדיין כאן. נסו שוב.",لم تكتمل الاستعادة، وكل ما لديك ما زال موجودًا. حاول مرة أخرى.,,
backup_failed,"Generic failure: wrong passphrase or damaged file, deliberately not distinguished.",That did not work. Either the passphrase is wrong or the file is damaged.,זה לא הצליח. או שביטוי הסיסמה שגוי או שהקובץ פגום.,لم تنجح العملية. إما أن عبارة المرور خاطئة أو أن الملف تالف.,,
backup_passphrase,Label for the backup passphrase field.,Passphrase,ביטוי סיסמה,عبارة المرور,,
backup_passphrase_again,"Second passphrase field, to catch a typo.",Type it again,הקלידו שוב,أعد كتابتها,,
backup_passphrase_open,Dialog title when opening a backup.,The passphrase for this backup,ביטוי הסיסמה של הגיבוי הזה,عبارة المرور لهذه النسخة,,
backup_passphrase_warning,"There is no recovery. Said plainly, before the field.","Write this down somewhere safe. Nobody can reset it, and without it the backup cannot be opened by anyone, including us.","רשמו אותו במקום בטוח. אף אחד אינו יכול לאפס אותו, ובלעדיו איש אינו יכול לפתוח את הגיבוי, כולל אנחנו.",دوّنها في مكان آمن. لا يمكن لأحد إعادة تعيينها، وبدونها لا يستطيع أحد فتح النسخة، بمن فيهم نحن.,,
backup_too_short,Passphrase below the minimum length.,At least 12 characters. This locks a file somebody could copy and take away.,לפחות 12 תווים. זה נועל קובץ שאפשר להעתיק ולקחת.,12 حرفًا على الأقل. هذا يقفل ملفًا يمكن نسخه وأخذه.,,
backup_no_match,The two passphrase fields differ.,The two do not match.,השניים אינם תואמים.,العبارتان غير متطابقتين.,,
backup_too_plain,Long but with too few distinct characters.,Too few different characters. Length alone is not strength.,מעט מדי תווים שונים. אורך לבדו אינו חוזק.,عدد الأحرف المختلفة قليل جدًا. الطول وحده ليس قوة.,,
backup_check,"Button that opens a backup to see what is in it, without restoring.",Check a backup,בדיקת גיבוי,افحص نسخة احتياطية,,
backup_contents,"What a checked backup holds. %1$s is when it was taken, then jobs, people, photos.","Taken %1$s: %2$d jobs, %3$d people, %4$d photographs and videos.","נלקח ב־%1$s: %2$d פרויקטים, %3$d אנשים, %4$d תמונות וסרטונים.",أُخذت في %1$s: %2$d مشاريع، %3$d أشخاص، %4$d صورة وفيديو.,,
backup_damaged,The archive opened but the database inside failed SQLite's integrity check.,The file opened but the database inside it is damaged. Do not rely on this one — take a fresh backup.,הקובץ נפתח אך מסד הנתונים שבתוכו פגום. אל תסתמכו עליו — צרו גיבוי חדש.,فُتح الملف لكن قاعدة البيانات داخله تالفة. لا تعتمد عليه — أنشئ نسخة جديدة.,,
search_hint,Placeholder in the one search box that covers the whole app.,"A name, a number, a reference","שם, מספר או סימוכין",اسم أو رقم أو مرجع,,
search_start,"Shown before anything is typed, so people know how wide the search is.","Everything on this phone is searched at once: jobs, people, stock, orders, permits, snags and plant.","החיפוש עובר בבת אחת על הכול במכשיר: פרויקטים, אנשים, מלאי, הזמנות, היתרים, ליקויים וציוד.",يبحث دفعة واحدة في كل ما على هذا الجهاز: المشاريع والأشخاص والمخزون والطلبيات والتصاريح والعيوب والمعدات.,,
search_short,"One letter matches most of the database, so nothing is searched until two.",Two letters at least.,לפחות שתי אותיות.,حرفان على الأقل.,,
search_nothing,No results. %1$s is what was typed.,Nothing matched %1$s.,לא נמצא דבר עבור %1$s.,لا شيء يطابق %1$s.,,
search_only_yours,"Footnote on the results, so an empty list is not mistaken for an empty database.",Only what your role lets you see is searched.,החיפוש מציג רק את מה שההרשאות שלכם מתירות לראות.,لا يشمل البحث إلا ما تسمح لك صلاحيتك برؤيته.,,
search_kind_job,Tag on a result row saying which register it came out of.,Job,עבודה,عمل,,
search_kind_person,,Person,אדם,شخص,,
search_kind_item,,Item,פריט,صنف,,
search_kind_order,,Order,הזמנה,طلبية,,
search_kind_permit,,Permit,היתר עבודה,تصريح عمل,,
search_kind_snag,,Snag,ליקוי,عيب,,
search_kind_plant,,Plant,ציוד,معدات,,
backup_restart_now,Button that closes the app and opens it again to finish a staged restore.,Close and open now,סגירה ופתיחה עכשיו,أغلق وافتح الآن,,
terms_lead,Lead paragraph of the terms of use screen.,"This is what the app is, what it is not, and what you are answerable for. It is short because the app has no server and collects nothing: most of what terms of use usually cover does not happen here.","זה מה שהאפליקציה היא, מה שהיא אינה, ועל מה אתם אחראים. הטקסט קצר משום שאין שרת ואין איסוף מידע: רוב מה שתנאי שימוש נדרשים לכסות פשוט אינו קורה כאן.",هذا ما هو التطبيق، وما ليس هو، وما أنت مسؤول عنه. النص قصير لأنه لا يوجد خادم ولا جمع بيانات: معظم ما تغطّيه شروط الاستخدام عادةً لا يحدث هنا.,,
terms_what_title,,What this software is,מה התוכנה הזאת,ما هذا البرنامج,,
terms_what_body,,"A record-keeping tool for construction work: stock, tasks, people, evidence and money. It runs on the device and keeps its data there.","כלי לתיעוד עבודות בנייה: מלאי, משימות, אנשים, ראיות וכסף. הוא פועל על המכשיר ושומר את המידע בו.",أداة لتوثيق أعمال البناء: مخزون ومهام وأشخاص وأدلة وحسابات. يعمل على الجهاز ويحفظ بياناته فيه.,,
terms_not_title,,It is not a safety system,זו אינה מערכת בטיחות,ليس نظام سلامة,,
terms_not_body,,"The app carries checklists, permit forms, inspection registers and references to Israeli standards. They are prompts for a competent person to work through. They do not make a job safe, they do not certify anybody, and following them is not a defence. A scaffold is signed off by somebody qualified to sign it off; an excavation is inspected by somebody competent to inspect it. The app records that this happened. It cannot do it. Where a standard is named, the name is a pointer for the site file — not a reproduction of the standard and not a substitute for reading it.","באפליקציה יש רשימות תיוג, טפסי היתר, פנקסי בדיקה והפניות לתקנים ישראליים. אלה תזכורות לאדם מוסמך לעבוד לפיהן. הן אינן הופכות עבודה לבטוחה, אינן מסמיכות איש, ומילוין אינו הגנה. פיגום מאושר בידי מי שמוסמך לאשר אותו; חפירה נבדקת בידי מי שכשיר לבדוק אותה. האפליקציה מתעדת שזה קרה. היא אינה יכולה לעשות זאת. כאשר מוזכר תקן, השם הוא מצביע לתיק האתר — לא שכפול של התקן ולא תחליף לקריאתו.",يحتوي التطبيق قوائم تدقيق ونماذج تصاريح وسجلات فحص وإشارات إلى المواصفات الإسرائيلية. هي تذكيرات ليعمل بها شخص مؤهَّل. لا تجعل العمل آمناً، ولا تمنح أحداً شهادة، واتّباعها ليس دفاعاً. السقالة يعتمدها من هو مؤهَّل لاعتمادها؛ والحفرية يفحصها من هو كفء لفحصها. التطبيق يوثّق أن ذلك حدث. ولا يستطيع القيام به. وحين يُذكر معيار، فالاسم دليل لملف الموقع — لا نسخة عن المعيار ولا بديل عن قراءته.,,
terms_licence_title,,Recorded is not licensed,רישום אינו רישוי,التسجيل ليس ترخيصاً,,
terms_licence_body,,"Recording a contractor registration number marks a firm as having supplied one. Whether that firm is lawfully entitled to carry out particular work is a matter for the regulator, not for this app.",רישום מספר קבלן מסמן שהחברה מסרה מספר. האם אותה חברה רשאית כדין לבצע עבודה מסוימת — זה עניין לרגולטור ולא לאפליקציה.,تسجيل رقم مقاول يعني أن الشركة قدّمت رقماً. أما كونها مخوَّلة قانوناً بتنفيذ عمل بعينه فشأن الجهة المنظِّمة لا هذا التطبيق.,,
terms_money_title,,The arithmetic is tested; the figures are yours,החשבון נבדק; המספרים שלכם,الحساب مُختبَر؛ والأرقام لك,,
terms_money_body,,"The app works out retention, payment terms, overtime bands, VAT and valuations from the figures entered into it. It is not accounting software, it files nothing with anybody, and it does not replace an accountant.","האפליקציה מחשבת עיכבון, תנאי תשלום, מדרגות שעות נוספות, מע״מ והערכות מתוך המספרים שהוזנו לה. היא אינה תוכנת הנהלת חשבונות, אינה מדווחת לאיש, ואינה מחליפה רואה חשבון.",يحسب التطبيق المحتجزات وشروط الدفع وشرائح العمل الإضافي وضريبة القيمة المضافة والتقديرات من الأرقام المُدخَلة إليه. ليس برنامج محاسبة، ولا يقدّم إقراراً لأحد، ولا يحلّ محلّ المحاسب.,,
terms_data_title,,"Your data, your responsibility","המידע שלכם, באחריותכם",بياناتك، ومسؤوليتك,,
terms_data_body,,"The data lives on the device. Back it up — a lost or broken phone is lost data, and the export exists for that reason. Lock it — the passcode and the device lock are what stand between the contents and whoever picks the phone up. And you are the one answerable for the personal data of the people recorded in it: their names, ID numbers, photographs and hours.","המידע נמצא על המכשיר. גבו אותו — טלפון שאבד או נשבר הוא מידע שאבד, והייצוא קיים בדיוק לשם כך. נעלו אותו — הסיסמה ונעילת המכשיר הן מה שעומד בין התוכן לבין מי שירים את הטלפון. ואתם האחראים למידע האישי של האנשים הרשומים בו: שמותיהם, מספרי הזהות, התמונות והשעות.",البيانات على الجهاز. انسخها احتياطياً — الهاتف الضائع أو المكسور بيانات ضائعة، والتصدير موجود لهذا. أقفله — كلمة السر وقفل الجهاز هما ما يقف بين المحتوى ومن يلتقط الهاتف. وأنت المسؤول عن البيانات الشخصية للمسجَّلين فيه: أسماؤهم وأرقام هوياتهم وصورهم وساعاتهم.,,
terms_availability_title,,Supplied as it is,מסופק כפי שהוא,يُقدَّم كما هو,,
terms_availability_body,,"There is no uptime commitment, because there is no service to be up. It runs on the device, offline, and keeps running whether or not anybody maintains it.","אין התחייבות לזמינות, משום שאין שירות שצריך להיות זמין. התוכנה פועלת על המכשיר, ללא חיבור, וממשיכה לפעול בין אם מישהו מתחזק אותה ובין אם לא.",لا التزام بالجاهزية، لأنه لا توجد خدمة لتكون جاهزة. يعمل على الجهاز دون اتصال، ويستمر سواء صانه أحد أم لا.,,
terms_liability_title,,Liability,אחריות,المسؤولية,,
terms_liability_body,,"To the extent Israeli law permits, the publisher is not liable for loss arising from use of the software, including lost records, lost profit, or a decision taken on the strength of something the app displayed. Nothing here limits liability that cannot lawfully be limited.","במידה שהדין הישראלי מתיר, המפרסם אינו אחראי לנזק הנובע משימוש בתוכנה, לרבות אובדן רישומים, אובדן רווח, או החלטה שהתקבלה על סמך דבר שהאפליקציה הציגה. אין באמור כדי להגביל אחריות שאינה ניתנת להגבלה כדין.",بالقدر الذي يسمح به القانون الإسرائيلي، لا يتحمّل الناشر مسؤولية خسارة ناشئة عن استخدام البرنامج، بما في ذلك ضياع السجلات أو فوات الربح أو قرار اتُّخذ بناءً على ما عرضه التطبيق. ولا يحدّ ما ورد هنا مسؤوليةً لا يجوز قانوناً الحدّ منها.,,
terms_law_title,,Governing law,הדין החל,القانون الحاكم,,
terms_law_body,,"Israeli law, and the courts of Israel.","הדין הישראלי, ובתי המשפט בישראל.",القانون الإسرائيلي ومحاكم إسرائيل.,,
terms_review_title,,Not yet reviewed by a lawyer,טרם נבדק על ידי עורך דין,لم يراجعه محامٍ بعد,,
terms_review_body,,"This text says plainly what the app does and does not do. It has not been through an Israeli lawyer, and it should be before the app is sold. That is a job for a person, not for the person who wrote the software.","הטקסט הזה אומר בפשטות מה האפליקציה עושה ומה אינה עושה. הוא טרם נבדק על ידי עורך דין ישראלי, וראוי שייבדק לפני שהאפליקציה נמכרת. זו עבודה לאדם, ולא למי שכתב את התוכנה.",يقول هذا النص بوضوح ما يفعله التطبيق وما لا يفعله. لم يراجعه محامٍ إسرائيلي بعد، وينبغي أن يراجعه قبل بيع التطبيق. تلك مهمة شخص، لا مهمة من كتب البرنامج.,,
summary_induction_signed,,Safety induction signed,תדריך הבטיחות נחתם,وُقّع التوجيه الأمني,,
summary_id_number_set,,ID number set,מספר הזהות נקבע,حُدّد رقم الهوية,,
summary_daily_log_signed,,Daily log signed,יומן העבודה נחתם,وُقّعت يومية العمل,,
summary_checklist_signed,,Checklist signed,רשימת הבדיקה נחתמה,وُقّعت قائمة الفحص,,
summary_concrete_placed,,Placed,נוצק,تمّ الصبّ,,
summary_excavation_disturbed,,Ground disturbed,הקרקע נפתחה,فُتحت الأرض,,
summary_excavation_backfilled,,Backfilled,הוחזר מילוי,أُعيد الردم,,
summary_scaffold_altered,,Altered,שונה,عُدّل,,
summary_scaffold_dismantled,,Dismantled,פורק,فُكّ,,
summary_item_removed,,Item removed from stock,הפריט הוסר מהמלאי,أُزيل الصنف من المخزون,,
summary_left_company,,Left the company,עזב את החברה,غادر الشركة,,
summary_contract_value_set,,Contract value set,שווי החוזה נקבע,حُدّدت قيمة العقد,,
summary_marked_site_plan,,Marked as a site plan,סומן כתוכנית אתר,حُدّد كمخطط موقع,,
summary_photo_removed,,Photograph removed,התמונה הוסרה,أُزيلت الصورة,,
summary_time_block_removed,,Time block removed,משבצת הזמן הוסרה,أُزيلت الفترة الزمنية,,
summary_checked_in,,Checked in,כניסה נרשמה,سُجّل الحضور,,
summary_custom_trade_removed,,Custom trade removed,מקצוע מותאם הוסר,أُزيلت مهنة مخصّصة,,
summary_backup_made,,"Backed up, with %1$s photographs and videos","גובה, כולל %1$s תמונות וסרטונים",نُسخ احتياطيًا، مع %1$s صورة ومقطعًا,,
summary_details_corrected,,Details corrected for %1$s: %2$s,פרטים תוקנו עבור %1$s: %2$s,صُحّحت تفاصيل %1$s: %2$s,,
summary_profile_published,,Company profile updated; shown to the crew: %1$s,פרטי החברה עודכנו; מוצג לצוות: %1$s,حُدّث ملف الشركة؛ يظهر للطاقم: %1$s,,
summary_member_added,,%1$s added as %2$s,%1$s נוסף בתפקיד %2$s,%1$s أُضيف بصفة %2$s,,
summary_joined_as,,Joined as %1$s,הצטרף בתפקיד %1$s,انضمّ بصفة %1$s,,
summary_admitted_at_gate,,%1$s admitted at the gate as %2$s,%1$s נרשם בשער בתפקיד %2$s,%1$s سُجّل عند البوابة بصفة %2$s,,
summary_role_set,,Role set to %1$s,התפקיד נקבע ל%1$s,حُدّد الدور: %1$s,,
summary_violation_confirmed,,Violation confirmed against %1$s,עבירה אושרה נגד %1$s,تأكّدت مخالفة بحق %1$s,,
summary_pour_finished,,%1$s finished,%1$s הסתיימה,%1$s انتهت,,
summary_concrete_truck,,"Truck %1$s, %2$s m³","משאית %1$s, %2$s מ״ק",شاحنة %1$s، %2$s م³,,
summary_concrete_rejected,,Load rejected: %1$s,המשלוח נדחה: %1$s,رُفضت الحمولة: %1$s,,
summary_permit_issued,,%1$s issued to %2$s,%1$s הונפק ל%2$s,%1$s صدر لـ%2$s,,
summary_permit_stopped,,%1$s work stopped,%1$s העבודה הופסקה,%1$s أُوقف العمل,,
summary_permit_signed_back,,%1$s signed back,%1$s הוחזר בחתימה,%1$s أُعيد موقّعًا,,
summary_permit_cancelled,,%1$s cancelled,%1$s בוטל,%1$s أُلغي,,
summary_attendee_added,,%1$s attended,%1$s נכח,%1$s حضر,,
summary_attendee_removed,,%1$s taken off the attendance,%1$s הוסר מרשימת הנוכחות,%1$s أُزيل من كشف الحضور,,
summary_snag_claimed_fixed,,%1$s reported fixed,%1$s דווח כתוקן,%1$s أُبلغ عن إصلاحه,,
summary_services_located,,%1$s buried services located,%1$s תשתיות תת-קרקעיות אותרו,%1$s حُدّدت المرافق المدفونة,,
summary_lift_approved,,%1$s approved,%1$s אושרה,%1$s اعتُمدت,,
summary_lift_done,,%1$s lifted,%1$s בוצעה הרמה,%1$s نُفّذ الرفع,,
summary_lift_role_set,,%1$s %2$s: %3$s,%1$s %2$s: %3$s,%1$s %2$s: %3$s,,
summary_lift_role_cleared,,%1$s %2$s cleared,%1$s %2$s בוטל,%1$s أُلغي تعيين %2$s,,
summary_equipment_serviced,,%1$s serviced,%1$s עבר טיפול,%1$s خضع للصيانة,,
summary_equipment_status,,%1$s: %2$s,%1$s: %2$s,%1$s: %2$s,,
summary_contract_signed,,%1$s signed,%1$s נחתם,%1$s وُقّع,,
summary_party_added,,%1$s added as %2$s,%1$s נוסף בתור %2$s,%1$s أُضيف بصفة %2$s,,
summary_assignment_invoiced,,%1$s invoiced,%1$s חויב,%1$s صدرت فاتورته,,
summary_invoice_paid,,%1$s paid,%1$s שולמה,%1$s دُفعت,,
summary_application_submitted,,%1$s submitted,%1$s הוגשה,%1$s قُدّمت,,
summary_application_certified,,%1$s certified,%1$s אושרה לתשלום,%1$s اعتُمدت,,
summary_application_paid,,%1$s paid,%1$s שולמה,%1$s دُفعت,,
summary_application_rejected,,%1$s rejected,%1$s נדחתה,%1$s رُفضت,,
summary_order_placed,,%1$s placed,%1$s הוזמנה,%1$s أُرسل الطلب,,
summary_order_cancelled,,%1$s cancelled,%1$s בוטלה,%1$s أُلغي,,
summary_goods_received,,Received %1$s %2$s of %3$s,התקבלו %1$s %2$s של %3$s,استُلم %1$s %2$s من %3$s,,
summary_stock_moved,,%1$s to %2$s — %3$s,מ-%1$s ל-%2$s — %3$s,من %1$s إلى %2$s — %3$s,,
summary_checklist_started,,Started the checklist %1$s,רשימת הבדיקה %1$s החלה,بدأت قائمة الفحص %1$s,,
summary_blocks_copied,,Copied %1$s time blocks,הועתקו %1$s משבצות זמן,نُسخت %1$s فترات زمنية,,
summary_checked_out,,Checked out after %1$s minutes,יציאה נרשמה אחרי %1$s דקות,سُجّل الانصراف بعد %1$s دقيقة,,
summary_created_from_template,,Created from the template %1$s,נוצר מתבנית %1$s,أُنشئ من القالب %1$s,,
summary_task_stage_set,,%1$s moved to %2$s,%1$s הועבר ל%2$s,%1$s نُقل إلى %2$s,,
summary_task_stage_cleared,,%1$s taken off its stage,%1$s הוסר מהשלב שלו,%1$s أُزيل من مرحلته,,
summary_tw_checked_by,,%1$s checked by %2$s,%1$s נבדק על ידי %2$s,%1$s فحصه %2$s,,
summary_tw_erected,,%1$s erected,%1$s הוקם,%1$s نُصب,,
summary_tw_inspected,,%1$s inspected against the design,%1$s נבדק מול התכנון,%1$s فُحص مقابل التصميم,,
summary_tw_loaded,,%1$s loaded,%1$s הועמס,%1$s حُمّل,,
summary_tw_released,,%1$s released for striking,%1$s שוחרר לפירוק,%1$s أُفرج عنه للفكّ,,
summary_tw_struck,,%1$s struck,%1$s פורק,%1$s فُكّ,,
summary_inspection_failed,,%1$s failed inspection,%1$s נכשל בבדיקה,%1$s رسب في الفحص,,
summary_inspection_passed,,%1$s passed inspection,%1$s עבר בדיקה,%1$s اجتاز الفحص,,
summary_order_due,,%1$s due %2$s,%1$s צפויה ל%2$s,%1$s متوقّعة في %2$s,,
summary_order_no_date,,%1$s has no delivery date,ל%1$s אין תאריך אספקה,%1$s بلا تاريخ توريد,,
summary_passcode_changed,,Passcode changed,הסיסמה שונתה,غُيّرت كلمة المرور,,
summary_passcode_removed,,Passcode removed,הסיסמה הוסרה,أُزيلت كلمة المرور,,
summary_plant_to_site,,%1$s sent to site,%1$s נשלח לאתר,%1$s أُرسل إلى الموقع,,
summary_plant_to_yard,,%1$s back in the yard,%1$s חזר למחסן,%1$s عاد إلى المستودع,,
summary_reports_to,,Now reports to %1$s,כפוף מעתה ל%1$s,يتبع الآن %1$s,,
summary_reports_to_nobody,,Reports to nobody,לא כפוף לאיש,لا يتبع أحدًا,,
summary_task_done,,Done,בוצע,أُنجز,,
summary_task_reopened,,Reopened,נפתח מחדש,أُعيد فتحه,,
summary_trade_cleared,,Trade cleared,המקצוע נוקה,أُزيلت المهنة,,
summary_trade_set,,Trade set to %1$s,המקצוע נקבע ל%1$s,حُدّدت المهنة: %1$s,,
summary_delivered_on,,Delivered on %1$s,סופק לפי %1$s,وُرّد بموجب %1$s,,
summary_restocked,,Restocked,חידוש מלאי,تجديد المخزون,,
summary_used_on_site,,Used on site,שימוש באתר,استُخدم في الموقع,,
summary_field_address,,address,כתובת,العنوان,,
summary_field_email,,email,"דוא""ל",البريد الإلكتروني,,
summary_field_id_number,,ID number,מספר זהות,رقم الهوية,,
summary_field_licence,,contractor licence,רישיון קבלן,رخصة المقاول,,
summary_field_name,,name,שם,الاسم,,
summary_field_nothing,,nothing,דבר,لا شيء,,
summary_field_phone,,phone,טלפון,الهاتف,,
summary_field_registration,,registration number,מספר רישום,رقم التسجيل,,
summary_field_website,,website,אתר אינטרנט,الموقع الإلكتروني,,
summary_amendment_status,,%1$s v%2$s: %3$s,%1$s גרסה %2$s: %3$s,%1$s نسخة %2$s: %3$s,,
summary_assignment_status,,%1$s: %2$s to %3$s,%1$s: מ%2$s ל%3$s,%1$s: من %2$s إلى %3$s,,
summary_assignment_status_reason,,%1$s: %2$s to %3$s — %4$s,%1$s: מ%2$s ל%3$s — %4$s,%1$s: من %2$s إلى %3$s — %4$s,,
summary_order_status,,%1$s: %2$s,%1$s: %2$s,%1$s: %2$s,,
summary_party_first_tier,,First-tier subcontractor,קבלן משנה ראשי,مقاول باطن من الدرجة الأولى,,
summary_party_general_contractor,,General contractor,קבלן ראשי,مقاول رئيسي,,
summary_party_second_tier,,Crew leader / labour-only,ראש צוות / כוח אדם בלבד,رئيس طاقم / أيدٍ عاملة فقط,,
summary_snag_status,,%1$s: %2$s,%1$s: %2$s,%1$s: %2$s,,
summary_status_fixed,,Reported fixed,דווח כתוקן,أُبلغ عن إصلاحه,,
summary_status_in_progress,,In progress,בביצוע,قيد التنفيذ,,
summary_status_proposed,,Proposed,הוצע,مُقترح,,
summary_status_withdrawn,,Withdrawn,נמשך,سُحب,,
summary_variation_status,,%1$s: %2$s,%1$s: %2$s,%1$s: %2$s,,
summary_muster_ended_all_out,,"Roll call ended, everybody accounted for","המפקד הסתיים, כל הנוכחים אותרו",انتهى النداء، الجميع محسوبون,,
summary_muster_ended_missing,,"Roll call ended, %1$s unaccounted for: %2$s","המפקד הסתיים, %1$s לא אותרו: %2$s",انتهى النداء، %1$s لم يُعثر عليهم: %2$s,,
summary_muster_person_added,,%1$s added to the roll call,%1$s נוסף למפקד,أُضيف %1$s إلى النداء,,
summary_muster_started,,"Roll call started (%1$s), %2$s on site","מפקד נוכחות החל (%1$s), %2$s באתר",بدأ نداء الأسماء (%1$s)، %2$s في الموقع,,
muster_title,Roll call screen title,Roll call,מפקד נוכחות,نداء الأسماء,,
muster_blurb,"What the screen is for, shown when nothing is running","When the site is cleared, this counts everybody who was checked in and tells you who is still missing. It works with no signal.","כשהאתר מפונה, המסך סופר את כל מי שהיה רשום בכניסה ומראה מי עדיין חסר. עובד גם בלי קליטה.",عند إخلاء الموقع، تحصي هذه الشاشة كل من سجّل دخوله وتبيّن من لا يزال مفقودًا. تعمل دون إنترنت.,,
muster_reason_drill,A practice evacuation,Practice drill,תרגיל,تمرين,,
muster_reason_emergency,A real evacuation,Emergency,חירום,طوارئ,,
muster_start,,Start roll call,התחל מפקד,ابدأ النداء,,
muster_note_hint,"Optional free text: what happened, where the assembly point is",What happened (optional),מה קרה (אפשרי),ما الذي حدث (اختياري),,
muster_live,,Roll call in progress,מפקד מתנהל,النداء جارٍ,,
muster_unaccounted,The number the screen shows biggest,%1$d unaccounted for,%1$d לא אותרו,%1$d لم يُعثر عليهم,,
muster_all_accounted,,Everybody accounted for,כל הנוכחים אותרו,الجميع محسوبون,,
muster_minutes,How long the roll call has been running,%1$d min,%1$d דקות,%1$d دقيقة,,
muster_taking_long,Shown once a roll call has run past ten minutes,This is taking a while. Hand the list over if you have to.,"זה לוקח זמן. אם צריך, תעבירו את הרשימה לכוחות ההצלה.",الأمر يطول. سلّم القائمة للطوارئ إن لزم الأمر.,,
muster_present,Standing at the muster point,Present,נוכח,حاضر,,
muster_elsewhere,"Confirmed safe, but not at the muster point",Safe elsewhere,בטוח במקום אחר,بأمان في مكان آخر,,
muster_still_missing,Undo: puts somebody back on the missing list,Still missing,עדיין לא אותר,لا يزال مفقودًا,,
muster_stale,Badge: their check-in had been open longer than any shift,Old check-in — may not be on site,כניסה ישנה — ייתכן שאינו באתר,تسجيل قديم — قد لا يكون في الموقع,,
muster_added_badge,Badge: not from the check-in data,Added at the gate,נוסף בשער,أُضيف عند البوابة,,
muster_add_person,,Add somebody,הוסף אדם,أضف شخصًا,,
muster_add_person_blurb,Why you would add somebody by hand,"A visitor, a driver, anybody who never checked in.","מבקר, נהג, או כל מי שלא נרשם בכניסה.",زائر أو سائق أو أي شخص لم يسجّل دخوله.,,
muster_name_hint,,Name,שם,الاسم,,
muster_account_question,Asked before somebody may be marked safe elsewhere,How do you know they are safe?,מנין ידוע שהוא בטוח？,كيف تعرف أنه بأمان؟,,
muster_account_hint,Example answer,"Rang him, left at four","התקשרתי אליו, עזב בארבע",اتصلت به، غادر الساعة الرابعة,,
muster_account_required,Refusal: marking somebody safe elsewhere with nothing said about how,Say how they were reached. A roll call ticked off without checking is worth nothing.,צריך לרשום איך אומת איתו. מפקד שמסמנים בלי לבדוק לא שווה כלום.,اذكر كيف تمّ التأكد منه. نداء يُعلّم دون تحقق لا قيمة له.,,
muster_end,,End roll call,סיים מפקד,أنهِ النداء,,
muster_end_with_missing_title,,End with names missing?,לסיים כשחסרים שמות？,إنهاء وهناك أسماء مفقودة؟,,
muster_end_with_missing_body,Names the people who will be recorded as unaccounted for,These names stay on the record as unaccounted for: %1$s,השמות האלה יירשמו כמי שלא אותרו: %1$s,تبقى هذه الأسماء في السجل كمفقودين: %1$s,,
muster_nobody_checked_in,Shown when no open check-in exists to build a list from,Nobody is checked in right now. You can still start a roll call and add names by hand.,אין כרגע אף אחד רשום בכניסה. אפשר להתחיל מפקד ולהוסיף שמות ידנית.,لا أحد مسجّل الآن. يمكنك بدء النداء وإضافة الأسماء يدويًا.,,
muster_on_site,How many open check-ins the list was built from,%1$d on site,%1$d באתר,%1$d في الموقع,,
muster_history,,Past roll calls,מפקדים קודמים,النداءات السابقة,,
muster_history_empty,,No roll calls yet.,עדיין אין מפקדים.,لا توجد نداءات بعد.,,
muster_already_running,,A roll call is already running.,כבר מתנהל מפקד.,هناك نداء جارٍ بالفعل.,,
muster_open_live,Button on the banner that opens the running roll call,Open,פתח,افتح,,
muster_record_missing,Summary line on a past roll call that ended with people missing,%1$d unaccounted for,%1$d לא אותרו,%1$d لم يُعثر عليهم,,
muster_record_clear,Summary line on a past roll call where everybody was found,Everybody out,כולם יצאו,الجميع خرجوا,,
muster_not_allowed,"Refusal: this account cannot write to the safety register, so it cannot start a roll call","This account cannot write to the safety register, so it cannot start a roll call. Anybody on site who can should start it.","לחשבון הזה אין הרשאה לכתוב במרשם הבטיחות, ולכן אינו יכול להתחיל מפקד. שמי שכן יכול, באתר, יתחיל אותו.",هذا الحساب لا يملك صلاحية الكتابة في سجل السلامة، فلا يمكنه بدء النداء. ليبدأه من يملك ذلك ممن هم في الموقع.,,
muster_refused_generic,A roll call write that failed for a reason the screen has no sentence for,"That did not go through. Try again, and if it keeps failing write the names down.","הפעולה לא נקלטה. נסו שוב, ואם זה חוזר — רשמו את השמות על דף.",لم تُنفّذ العملية. أعد المحاولة، وإن تكرر الأمر فاكتب الأسماء على ورق.,,
vio_drafts,Section header: violations this officer has started and not finished,"Yours, not finished",טיוטות שלך שלא הושלמו,مسوداتك غير المكتملة,,
vio_draft_resume,Supporting line on an unfinished draft row,Tap to finish or drop it. Nobody else can see it.,הקישו כדי להשלים או לבטל. אף אחד אחר לא רואה את זה.,انقر لإكمالها أو إلغائها. لا يراها أحد سواك.,,
heat_title,Heat check screen title,Heat check,בדיקת עומס חום,فحص الإجهاد الحراري,,
heat_blurb,What the screen is for,"Heat and humidity together decide how hard the heat is on a body. Measure in the shade, and say if the work is in the sun.","החום והלחות יחד קובעים כמה החום מכביד על הגוף. מודדים בצל, ומציינים אם העבודה בשמש.",الحرارة والرطوبة معًا تحددان مدى عبء الحر على الجسم. قِس في الظل، واذكر إن كان العمل تحت الشمس.,,
heat_temperature,Input label,Temperature in the shade (°C),טמפרטורה בצל (°C),الحرارة في الظل (°C),,
heat_humidity,Input label,Relative humidity (%),לחות יחסית (%),الرطوبة النسبية (%),,
heat_in_sun,Switch,The work is in full sun,העבודה בשמש מלאה,العمل تحت أشعة الشمس المباشرة,,
heat_in_sun_hint,Under the switch,In full sun it can feel up to 8 degrees hotter. The level is then taken from the worst case.,בשמש מלאה זה יכול להרגיש חם עד 8 מעלות יותר. הרמה נקבעת אז לפי המקרה הגרוע.,تحت الشمس المباشرة قد يبدو الحر أشد بما يصل إلى 8 درجات. يُحدَّد المستوى حينها وفق أسوأ الاحتمالات.,,
heat_feels_like,"The heat index, as a worker would say it",Feels like %1$d°C,תחושת חום: %1$d°C,الحرارة المحسوسة: %1$d°C,,
heat_band_none,Heat level,No heat risk,אין סיכון חום,لا خطر حراري,,
heat_band_caution,Heat level,Caution,זהירות,حذر,,
heat_band_extreme_caution,Heat level,Extreme caution,זהירות רבה,حذر شديد,,
heat_band_danger,Heat level,Danger,סכנה,خطر,,
heat_band_extreme_danger,Heat level,Extreme danger,סכנה חמורה,خطر بالغ,,
heat_band_none_meaning,What the level means,Nothing about the heat itself to act on.,אין בחום עצמו דבר שמחייב פעולה.,لا شيء في الحر نفسه يستدعي إجراءً.,,
heat_band_caution_meaning,What the level means,Fatigue is possible with long exposure and hard work.,עייפות אפשרית בחשיפה ממושכת ובעבודה קשה.,الإرهاق ممكن مع التعرض الطويل والعمل الشاق.,,
heat_band_extreme_caution_meaning,What the level means,Heat cramps and heat exhaustion are possible.,התכווצויות חום ותשישות חום אפשריות.,التشنجات الحرارية والإنهاك الحراري ممكنة.,,
heat_band_danger_meaning,What the level means,Cramps and exhaustion are likely. Heat stroke is possible.,התכווצויות ותשישות צפויות. מכת חום אפשרית.,التشنجات والإنهاك مرجحة. ضربة الشمس ممكنة.,,
heat_band_extreme_danger_meaning,What the level means,Heat stroke is highly likely.,מכת חום צפויה מאוד.,ضربة الشمس مرجحة جدًا.,,
heat_measure_water,A measure taken,Cool water within reach of the work,מים קרים בהישג יד ליד העבודה,ماء بارد في متناول اليد قرب العمل,,
heat_measure_shade,A measure taken,Shade to rest in,צל למנוחה,ظل للاستراحة,,
heat_measure_scheduled_breaks,A measure taken,Breaks on a schedule,הפסקות לפי לוח זמנים,استراحات وفق جدول,,
heat_measure_buddy_system,A measure taken,Nobody working alone,אף אחד לא עובד לבד,لا أحد يعمل وحده,,
heat_measure_new_workers_eased_in,A measure taken,New or returning workers on lighter work,עובדים חדשים או חוזרים בעבודה קלה יותר,العمال الجدد أو العائدون في عمل أخف,,
heat_measure_heavy_work_moved,A measure taken,Heavy work moved to cooler hours,עבודה כבדה הועברה לשעות קרירות,نُقل العمل الشاق إلى ساعات أبرد,,
heat_measure_heavy_work_stopped,A measure taken,Heavy outdoor work stopped,עבודה כבדה בחוץ הופסקה,أُوقف العمل الشاق في الخارج,,
heat_measures_title,Section header,What was done,מה נעשה,ما الذي تم فعله,,
heat_not_done,On a record: measures the level calls for that were not ticked,Called for and not recorded: %1$s,נדרש ולא נרשם: %1$s,مطلوب ولم يُسجَّل: %1$s,,
heat_nothing_done,On a record with no measures,Nothing recorded as done.,לא נרשם שנעשה דבר.,لم يُسجَّل أي إجراء.,,
heat_note_hint,Input label,Note (optional),הערה (לא חובה),ملاحظة (اختياري),,
heat_record,Button,Record this check,רשום את הבדיקה,سجّل هذا الفحص,,
heat_recorded,Confirmation,Heat check recorded.,בדיקת החום נרשמה.,سُجّل فحص الحرارة.,,
heat_history,Section header,Past checks,בדיקות קודמות,الفحوص السابقة,,
heat_history_empty,Empty history,No heat checks yet.,עדיין אין בדיקות חום.,لا توجد فحوص حرارة بعد.,,
heat_refused_temperature,Refusal,That temperature cannot be right. Check the reading.,הטמפרטורה הזאת לא ייתכן שנכונה. בדקו את הקריאה.,هذه الحرارة لا يمكن أن تكون صحيحة. تحقّق من القراءة.,,
heat_refused_humidity,Refusal,Humidity is between 0 and 100 per cent.,הלחות היא בין 0 ל-100 אחוז.,الرطوبة بين 0 و100 بالمئة.,,
heat_not_allowed,Refusal,This account cannot write to the safety register.,לחשבון הזה אין הרשאה לכתוב במרשם הבטיחות.,هذا الحساب لا يملك صلاحية الكتابة في سجل السلامة.,,
heat_disclaimer,Legal footnote; must not claim Israeli law,Heat index and levels from the US National Weather Service. This is not a statement of what Israeli law requires; follow the instructions of the Ministry of Labour and your safety officer.,מדד החום והרמות לפי שירות מזג האוויר הלאומי של ארה״ב. אין בכך קביעה של דרישות החוק בישראל; יש לפעול לפי הנחיות משרד העבודה וממונה הבטיחות.,مؤشر الحرارة ومستوياته وفق هيئة الأرصاد الجوية الوطنية الأمريكية. هذا ليس بيانًا لما يتطلبه القانون الإسرائيلي؛ اتبع تعليمات وزارة العمل ومسؤول السلامة.,,
heat_sun_badge,Tag on a record made in full sun,in full sun,בשמש מלאה,تحت الشمس المباشرة,,
heat_reading,The raw reading on a record,"%1$s°C in the shade, humidity %2$s","%1$s°C בצל, לחות %2$s",%1$s°C في الظل، الرطوبة %2$s,,
summary_heat_checked,,"Heat check: feels like %1$s°C, %2$s","בדיקת חום: תחושת חום %1$s°C, %2$s",فحص الحرارة: الحرارة المحسوسة %1$s°C، %2$s,,
heat_refused_generic,A heat check that failed to save for a reason other than a rule,That did not save. Try again.,הבדיקה לא נשמרה. נסו שוב.,لم يُحفظ الفحص. حاول مرة أخرى.,,
log_checked_in,"Daily log row: people with a check-in on this job that day, counted by the app",Checked in on the app,נרשמו בכניסה באפליקציה,سجّلوا الدخول في التطبيق,,
write_not_saved,"A write the rules refused, where the screen had no more specific sentence","That was not saved. It may have changed since this screen opened, or something it needs is missing. Look again and try once more.","הפעולה לא נשמרה. ייתכן שמשהו השתנה מאז שהמסך נפתח, או שחסר משהו שנדרש. בדקו שוב ונסו שוב.",لم يُحفظ ذلك. ربما تغيّر شيء منذ فتح هذه الشاشة، أو ينقص شيء مطلوب. راجع وحاول مرة أخرى.,,
id_number_not_saved,Adding an ID number was refused,"That ID number was not saved. It is already on another account, or this account already has one.","מספר הזהות לא נשמר. הוא כבר רשום בחשבון אחר, או שלחשבון הזה כבר יש מספר.",لم يُحفظ رقم الهوية. إنه مسجّل في حساب آخر، أو أن لهذا الحساب رقمًا بالفعل.,,
muster_call_title,Section header on the roll call screen,Emergency numbers,מספרי חירום,أرقام الطوارئ,,
muster_call_ambulance,Button: opens the dialer on 101,Ambulance — 101,מד״א — 101,الإسعاف — 101,,
muster_call_fire,Button: opens the dialer on 102,Fire and rescue — 102,כבאות והצלה — 102,الإطفاء والإنقاذ — 102,,
muster_call_police,Button: opens the dialer on 100,Police — 100,משטרה — 100,الشرطة — 100,,
muster_call_hint,Under the emergency numbers,Opens the phone with the number in. You press call.,פותח את החייגן עם המספר. הלחיצה על חיוג היא שלכם.,يفتح الهاتف والرقم جاهز. أنت تضغط على الاتصال.,,
muster_call_no_dialer,This device cannot place calls,This device cannot make phone calls. Use another phone.,המכשיר הזה לא יכול לחייג. השתמשו בטלפון אחר.,هذا الجهاز لا يستطيع إجراء المكالمات. استخدم هاتفًا آخر.,,
muster_first_aider,Badge on a roll call row: holds an in-date first-aid ticket,First aider,מגיש עזרה ראשונה,مسعف أولي,,
muster_first_aiders_here,"Roll call header: first aiders counted present, by name",First aiders here: %1$s,מגישי עזרה ראשונה כאן: %1$s,المسعفون الأوليون هنا: %1$s,,
muster_share,Button: hand the list to another app,Share the list,שתף את הרשימה,شارك القائمة,,
muster_share_heading,First line of a shared roll call,Roll call — %1$s — started %2$s,מפקד נוכחות — %1$s — החל %2$s,نداء الأسماء — %1$s — بدأ %2$s,,
muster_share_ended,Line of a shared roll call,Ended %1$s,הסתיים %1$s,انتهى %1$s,,
muster_share_running,Line of a shared roll call that is still running,Still running,עדיין מתנהל,لا يزال جاريًا,,
muster_share_unaccounted,Line of a shared roll call,UNACCOUNTED FOR (%1$d): %2$s,לא אותרו (%1$d): %2$s,لم يُعثر عليهم (%1$d): %2$s,,
muster_share_present,Line of a shared roll call,Present (%1$d): %2$s,נוכחים (%1$d): %2$s,حاضرون (%1$d): %2$s,,
muster_share_elsewhere,Line of a shared roll call,Safe elsewhere (%1$d): %2$s,בטוחים במקום אחר (%1$d): %2$s,بأمان في مكان آخر (%1$d): %2$s,,
summary_plant_checked_fit,,%1$s checked before use: fit,%1$s נבדק לפני שימוש: תקין,فُحص %1$s قبل الاستخدام: سليم,,
summary_plant_checked_unfit,,%1$s checked before use: out of service — %2$s,%1$s נבדק לפני שימוש: הוצא משימוש — %2$s,فُحص %1$s قبل الاستخدام: أُوقف عن العمل — %2$s,,
plant_preuse,Button and dialog title,Pre-use check,בדיקה לפני שימוש,فحص قبل الاستخدام,,
plant_preuse_hint,Top of the pre-use dialog,Walk round the machine before starting it. A defect takes it out of service until somebody puts it right.,סיירו סביב המכונה לפני שמפעילים אותה. תקלה מוציאה אותה משימוש עד שמישהו מתקן אותה.,تجوّل حول الآلة قبل تشغيلها. أي عطل يوقفها عن العمل حتى يصلحه أحد.,,
plant_preuse_ok,Answer,OK,תקין,سليم,,
plant_preuse_defect,Answer,Defect,תקלה,عطل,,
plant_preuse_na,Answer: does not apply to this machine,N/A,לא רלוונטי,لا ينطبق,,
plant_preuse_note,"Input label, shown once a defect is marked",What is wrong,מה התקלה,ما العطل,,
plant_preuse_submit,Button,Record the check,רשום את הבדיקה,سجّل الفحص,,
plant_item_visible_damage,Pre-use item,"Visible damage, cracks, loose parts","נזק נראה לעין, סדקים, חלקים רופפים",أضرار ظاهرة أو تشققات أو أجزاء مفكوكة,,
plant_item_tyres_or_tracks,Pre-use item,Tyres or tracks,צמיגים או זחלים,الإطارات أو الجنازير,,
plant_item_leaks,Pre-use item,"Oil, fuel or hydraulic leaks","דליפות שמן, דלק או הידראוליקה",تسرّب زيت أو وقود أو سائل هيدروليكي,,
plant_item_fluid_levels,Pre-use item,Fluid levels,מפלסי נוזלים,مستويات السوائل,,
plant_item_brakes,Pre-use item,Brakes,בלמים,المكابح,,
plant_item_steering_and_controls,Pre-use item,Steering and controls,היגוי ובקרות,التوجيه وأدوات التحكم,,
plant_item_lights_horn_and_alarms,Pre-use item,"Lights, horn, reversing alarm","אורות, צופר, אזעקת נסיעה לאחור",الأضواء والبوق وإنذار الرجوع,,
plant_item_seatbelt_and_cab,Pre-use item,Seatbelt and cab,חגורת בטיחות ותא המפעיל,حزام الأمان والمقصورة,,
plant_item_guards,Pre-use item,Guards and covers in place,מגנים וכיסויים במקומם,الواقيات والأغطية في مكانها,,
plant_item_fire_extinguisher,Pre-use item,Fire extinguisher,מטף כיבוי אש,طفاية الحريق,,
plant_check_never,Plant register row,Never checked before use,מעולם לא נבדק לפני שימוש,لم يُفحص قبل الاستخدام قط,,
plant_check_not_today,Plant register row,Not checked today,לא נבדק היום,لم يُفحص اليوم,,
plant_check_fit_today,Plant register row,Checked today: fit,נבדק היום: תקין,فُحص اليوم: سليم,,
plant_check_unfit_today,Plant register row,Out of service after today's check,הוצא משימוש בבדיקה של היום,أُوقف عن العمل بعد فحص اليوم,,
plant_preuse_unanswered,Refusal,Answer every item. A half-finished walk-round is not a check.,יש לענות על כל סעיף. סיור שלא הושלם אינו בדיקה.,أجب عن كل بند. الجولة غير المكتملة ليست فحصًا.,,
plant_preuse_undescribed,Refusal,Say what the defect is.,יש לתאר את התקלה.,صِف العطل.,,
plant_preuse_nothing,Refusal,Nothing was marked as looked at. Mark at least what you checked.,לא סומן שום דבר כנבדק. סמנו לפחות את מה שבדקתם.,لم يُعلَّم أي شيء على أنه فُحص. علّم على الأقل ما فحصته.,,
waste_title,Register title,Waste register,מרשם פסולת,سجل النفايات,,
waste_row_hint,Link on the job screen,"Every load that leaves, and where it went","כל מטען שיוצא, ולאן הגיע",كل حمولة تغادر وإلى أين ذهبت,,
waste_blurb,Top of the register,"Record each load as it leaves, with its ticket. At the end of the job this is the proof of where the waste went.","רשמו כל מטען כשהוא יוצא, עם התעודה שלו. בסוף העבודה זו ההוכחה לאן הפסולת הגיעה.",سجّل كل حمولة عند مغادرتها مع تذكرتها. في نهاية العمل هذا هو الدليل على وجهة النفايات.,,
waste_add,Button,Record a load,רשום מטען,سجّل حمولة,,
waste_stream,Field label,What it is,מה זה,ما هي,,
waste_quantity,Field label,Quantity,כמות,الكمية,,
waste_destination,Field label,Where it went,לאן הגיע,إلى أين ذهبت,,
waste_facility,Field label,Facility name,שם המתקן,اسم المنشأة,,
waste_hauler,Field label,Haulier (optional),מוביל (לא חובה),الناقل (اختياري),,
waste_ticket,Field label,Ticket number,מספר תעודה,رقم التذكرة,,
waste_notes,Field label,Notes (optional),הערות (לא חובה),ملاحظات (اختياري),,
waste_ticket_photo,Button,Photograph the ticket,צלם את התעודה,صوّر التذكرة,,
waste_no_ticket,On a load with nothing to show where it went,No ticket yet,עדיין אין תעודה,لا توجد تذكرة بعد,,
waste_add_ticket,Button on a load with no ticket number,Add the ticket number,הוסף מספר תעודה,أضف رقم التذكرة,,
waste_empty,Empty register,No loads recorded on this job.,לא נרשמו מטענים בעבודה הזו.,لم تُسجَّل حمولات في هذا العمل.,,
waste_total,"Totals line: amount, unit, share kept out of landfill","%1$s %2$s in total, %3$s kept out of landfill","%1$s %2$s בסך הכול, %3$s לא הגיעו להטמנה",المجموع %1$s %2$s، منها %3$s لم تذهب إلى المكب,,
waste_refused_quantity,Refusal,Enter how much it was.,יש להזין כמות.,أدخل الكمية.,,
waste_refused_destination,Refusal,Say which facility it went to.,יש לציין לאיזה מתקן הגיע.,اذكر المنشأة التي ذهبت إليها.,,
waste_refused_hazardous,Refusal,Hazardous waste is never recorded without its ticket number.,פסולת מסוכנת לא נרשמת בלי מספר תעודה.,لا تُسجَّل النفايات الخطرة أبدًا دون رقم التذكرة.,,
waste_not_allowed,Refusal,This account cannot write to the site registers.,לחשבון הזה אין הרשאה לכתוב במרשמי האתר.,هذا الحساب لا يملك صلاحية الكتابة في سجلات الموقع.,,
hv_waste_unproven,Handover pack row,Waste loads with no ticket,מטעני פסולת בלי תעודה,حمولات نفايات بلا تذكرة,,
waste_stream_concrete_and_masonry,Waste stream,Concrete and masonry,בטון ובנייה,خرسانة وبناء,,
waste_stream_wood,Waste stream,Wood,עץ,خشب,,
waste_stream_metal,Waste stream,Metal,מתכת,معادن,,
waste_stream_plastic,Waste stream,Plastic,פלסטיק,بلاستيك,,
waste_stream_cardboard_and_paper,Waste stream,Cardboard and paper,קרטון ונייר,كرتون وورق,,
waste_stream_soil,Waste stream,Soil,עפר,تربة,,
waste_stream_mixed,Waste stream,Mixed,מעורב,مختلط,,
waste_stream_hazardous,Waste stream,Hazardous,מסוכן,خطِر,,
waste_unit_tonnes,Unit,tonnes,טון,طن,,
waste_unit_cubic_metres,Unit,m³,מ״ק,م³,,
waste_dest_recycling,Destination,Recycling facility,מתקן מיחזור,منشأة إعادة تدوير,,
waste_dest_reused,Destination,Reused,שימוש חוזר,إعادة استخدام,,
waste_dest_transfer_station,Destination,Transfer station,תחנת מעבר,محطة ترحيل,,
waste_dest_landfill,Destination,Landfill,הטמנה,مكب نفايات,,
summary_waste_recorded,,%1$s %2$s of %3$s to %4$s,%1$s %2$s של %3$s אל %4$s,%1$s %2$s من %3$s إلى %4$s,,
summary_waste_ticket_added,,Ticket added for a load to %1$s,נוספה תעודה למטען שנשלח אל %1$s,أُضيفت تذكرة لحمولة أُرسلت إلى %1$s,,
items_count,Count of inventory items in a list header (a count: one form per number),one: %d item | other: %d items,one: פריט אחד | two: שני פריטים | many: %d פריטים | other: %d פריטים,zero: لا أصناف | one: صنف واحد | two: صنفان | few: %d أصناف | many: %d صنفًا | other: %d صنف,,
days_left,Days remaining until a project due date (a count: one form per number),one: %d day left | other: %d days left,one: נותר יום | two: נותרו יומיים | many: נותרו %d ימים | other: נותרו %d ימים,zero: لم يبقَ يوم | one: بقي يوم | two: بقي يومان | few: بقيت %d أيام | many: بقي %d يومًا | other: بقي %d يوم,,
low_stock_count,Home screen low-stock badge (a count: one form per number),one: %d item running low | other: %d items running low,one: פריט אחד במלאי נמוך | two: שני פריטים במלאי נמוך | many: %d פריטים במלאי נמוך | other: %d פריטים במלאי נמוך,zero: لا أصناف منخفضة | one: صنف واحد منخفض | two: صنفان منخفضان | few: %d أصناف منخفضة | many: %d صنفًا منخفضًا | other: %d صنف منخفض,,
cert_expiring_days,Days until a certificate lapses (a count: one form per number),one: Expires in %d day | other: Expires in %d days,one: פג בעוד יום | two: פג בעוד יומיים | many: פג בעוד %d ימים | other: פג בעוד %d ימים,zero: تنتهي اليوم | one: تنتهي خلال يوم | two: تنتهي خلال يومين | few: تنتهي خلال %d أيام | many: تنتهي خلال %d يومًا | other: تنتهي خلال %d يوم,,
tbt_attendees,How many people signed a toolbox talk register (a count: one form per number),one: %d attended | other: %d attended,one: נוכח אחד | two: שני נוכחים | many: %d נוכחים | other: %d נוכחים,zero: لا حضور | one: حاضر واحد | two: حاضران | few: %d حاضرين | many: %d حاضرًا | other: %d حاضر,,
tbt_last_briefed,Days since somebody last sat through a safety briefing (a count: one form per number),one: Last briefed %d day ago | other: Last briefed %d days ago,one: תודרך לפני יום | two: תודרך לפני יומיים | many: תודרך לפני %d ימים | other: תודרך לפני %d ימים,zero: تلقّى تعليمات اليوم | one: آخر تعليمات قبل يوم | two: آخر تعليمات قبل يومين | few: آخر تعليمات قبل %d أيام | many: آخر تعليمات قبل %d يومًا | other: آخر تعليمات قبل %d يوم,,
ptw_minutes_left,How long a live permit to work has left to run (a count: one form per number),one: %d minute left | other: %d minutes left,one: נותרה דקה | two: נותרו שתי דקות | many: נותרו %d דקות | other: נותרו %d דקות,zero: لم تبقَ دقائق | one: بقيت دقيقة | two: بقيت دقيقتان | few: بقيت %d دقائق | many: بقيت %d دقيقة | other: بقيت %d دقيقة,,
ptw_hours,How long a permit to work runs for (a count: one form per number),one: %d hour | other: %d hours,one: שעה | two: שעתיים | many: %d שעות | other: %d שעות,zero: بدون ساعات | one: ساعة | two: ساعتان | few: %d ساعات | many: %d ساعة | other: %d ساعة,,
snag_overdue_days,How long a snag has been past its fix-by date (a count: one form per number),one: %d day late | other: %d days late,one: באיחור של יום | two: באיחור של יומיים | many: באיחור של %d ימים | other: באיחור של %d ימים,zero: متأخر اليوم | one: متأخر بيوم | two: متأخر بيومين | few: متأخر بـ %d أيام | many: متأخر بـ %d يومًا | other: متأخر بـ %d يوم,,
snag_outstanding,How many of a job's defects are not finished (a count: one form per number),one: %d outstanding | other: %d outstanding,one: ליקוי אחד פתוח | two: שני ליקויים פתוחים | many: %d ליקויים פתוחים | other: %d ליקויים פתוחים,zero: لا عيوب مفتوحة | one: عيب واحد مفتوح | two: عيبان مفتوحان | few: %d عيوب مفتوحة | many: %d عيبًا مفتوحًا | other: %d عيب مفتوح,,
log_workers,How many people were on site on a given day (a count: one form per number),one: %d on site | other: %d on site,one: עובד אחד באתר | two: שני עובדים באתר | many: %d עובדים באתר | other: %d עובדים באתר,zero: لا عمال في الموقع | one: عامل واحد في الموقع | two: عاملان في الموقع | few: %d عمال في الموقع | many: %d عاملًا في الموقع | other: %d عامل في الموقع,,
tick_minutes_left,How long a concrete load has before it must not be placed (a count: one form per number),one: %d minute left | other: %d minutes left,one: נותרה דקה | two: נותרו שתי דקות | many: נותרו %d דקות | other: נותרו %d דקות,zero: لم تبقَ دقائق | one: بقيت دقيقة | two: بقيت دقيقتان | few: بقيت %d دقائق | many: بقيت %d دقيقة | other: بقيت %d دقيقة,,
scf_days_over,How long a scaffold's weekly inspection has been out of date (a count: one form per number),one: %d day out of date | other: %d days out of date,one: פג תוקף לפני יום | two: פג תוקף לפני יומיים | many: פג תוקף לפני %d ימים | other: פג תוקף לפני %d ימים,zero: انتهت الصلاحية اليوم | one: انتهت الصلاحية منذ يوم | two: انتهت الصلاحية منذ يومين | few: انتهت الصلاحية منذ %d أيام | many: انتهت الصلاحية منذ %d يومًا | other: انتهت الصلاحية منذ %d يوم,,
tw_days_owed,Days the concrete still owes before propping may be struck (a count: one form per number),one: %d more day | other: %d more days,one: עוד יום | two: עוד יומיים | many: עוד %d ימים | other: עוד %d ימים,zero: لم يبقَ يوم | one: يوم إضافي | two: يومان إضافيان | few: %d أيام إضافية | many: %d يومًا إضافيًا | other: %d يوم إضافي,,
ptw_watch_minutes,Minutes of fire watch still owed before a hot work permit may be closed (a count: one form per number),one: %d minute still to watch | other: %d minutes still to watch,one: נותרה דקה של שמירה | two: נותרו שתי דקות של שמירה | many: נותרו %d דקות של שמירה | other: נותרו %d דקות של שמירה,zero: لم تبقَ دقيقة مراقبة | one: بقيت دقيقة مراقبة | two: بقيت دقيقتا مراقبة | few: بقيت %d دقائق مراقبة | many: بقيت %d دقيقة مراقبة | other: بقيت %d دقيقة مراقبة,,
pay_days_overdue,How long a certified payment has been overdue (a count: one form per number),one: %d day overdue | other: %d days overdue,one: באיחור של יום | two: באיחור של יומיים | many: באיחור של %d ימים | other: באיחור של %d ימים,zero: لا تأخير | one: متأخر يومًا | two: متأخر يومين | few: متأخر %d أيام | many: متأخر %d يومًا | other: متأخر %d يوم,,
ts_withheld,How many people on a job this viewer may not be shown the money of (a count: one form per number),one: %d person on this job is not yours to price. | other: %d people on this job are not yours to price.,one: אדם אחד בפרויקט זה אינו בסמכותכם לתמחר. | two: שני אנשים בפרויקט זה אינם בסמכותכם לתמחר. | many: %d אנשים בפרויקט זה אינם בסמכותכם לתמחר. | other: %d אנשים בפרויקט זה אינם בסמכותכם לתמחר.,zero: لا أحد في هذا المشروع خارج صلاحيتك. | one: شخص واحد في هذا المشروع ليس من صلاحيتك تسعيره. | two: شخصان في هذا المشروع ليسا من صلاحيتك تسعيرهما. | few: %d أشخاص في هذا المشروع ليسوا من صلاحيتك تسعيرهم. | many: %d شخصًا في هذا المشروع ليسوا من صلاحيتك تسعيرهم. | other: %d شخص في هذا المشروع ليسوا من صلاحيتك تسعيرهم.,,
crew_no_trade,How many people have no trade recorded and so appear on no trade list (a count: one form per number),one: %d person has no trade recorded and is on none of these lists. | other: %d people have no trade recorded and are on none of these lists.,one: לאדם אחד לא נרשם מקצוע והוא אינו באף אחת מהרשימות. | two: לשני אנשים לא נרשם מקצוע והם אינם באף אחת מהרשימות. | many: ל-%d אנשים לא נרשם מקצוע והם אינם באף אחת מהרשימות. | other: ל-%d אנשים לא נרשם מקצוע והם אינם באף אחת מהרשימות.,zero: الجميع لديهم مهنة مسجّلة. | one: شخص واحد بلا مهنة مسجّلة ولا يظهر في أي من هذه القوائم. | two: شخصان بلا مهنة مسجّلة ولا يظهران في أي من هذه القوائم. | few: %d أشخاص بلا مهنة مسجّلة ولا يظهرون في أي من هذه القوائم. | many: %d شخصًا بلا مهنة مسجّلة ولا يظهرون في أي من هذه القوائم. | other: %d شخص بلا مهنة مسجّلة ولا يظهرون في أي من هذه القوائم.,,
home_plant_unchecked,Home banner: machines on site with no pre-use check today (a count: one form per number),one: %d machine on site not checked today | other: %d machines on site not checked today,one: מכונה אחת באתר לא נבדקה היום | two: שתי מכונות באתר לא נבדקו היום | many: %d מכונות באתר לא נבדקו היום | other: %d מכונות באתר לא נבדקו היום,zero: لا آلات غير مفحوصة في الموقع اليوم | one: آلة واحدة في الموقع لم تُفحص اليوم | two: آلتان في الموقع لم تُفحصا اليوم | few: %d آلات في الموقع لم تُفحص اليوم | many: %d آلة في الموقع لم تُفحص اليوم | other: %d آلة في الموقع لم تُفحص اليوم,,
waste_unproven,Register header: loads with neither a ticket number nor a photo of the ticket (a count: one form per number),one: %d load with no ticket | other: %d loads with no ticket,one: מטען אחד בלי תעודה | two: שני מטענים בלי תעודה | many: %d מטענים בלי תעודה | other: %d מטענים בלי תעודה,zero: لا حمولات بلا تذكرة | one: حمولة واحدة بلا تذكرة | two: حمولتان بلا تذكرة | few: %d حمولات بلا تذكرة | many: %d حمولة بلا تذكرة | other: %d حمولة بلا تذكرة,,
summary_ppe_handed_back,,%1$s handed back by %2$s,%1$s הוחזר על ידי %2$s,أعاد %2$s %1$s,,
summary_ppe_issued,,"Issued to %3$s: %2$s, quantity %1$s","נמסר ל־%3$s: %2$s, כמות %1$s",سُلِّم إلى %3$s: %2$s، الكمية %1$s,,
summary_ppe_issued_to,,Issued to %1$s,נמסר ל־%1$s,سُلِّم إلى %1$s,,
ppe_title,Protective equipment register screen title,Protective equipment,ציוד מגן אישי,معدات الوقاية الشخصية,,
ppe_blurb,What the register is for,"Who was given what, signed for by the person who took it. Handing something out takes it off the stock list.","מי קיבל מה, בחתימת מי שקיבל. מסירת פריט מורידה אותו מרשימת המלאי.",من استلم ماذا، بتوقيع من استلمه. تسليم أي قطعة يخصمها من قائمة المخزون.,,
ppe_not_allowed_view,Shown to a role that may not read the register,"The equipment register names people, so it is kept to those who can see the People lens and the safety record.","פנקס הציוד נוקב בשמות אנשים, ולכן הוא שמור למי שרשאי לראות את עדשת האנשים ואת רישומי הבטיחות.",سجل المعدات يذكر أشخاصًا بأسمائهم، لذا يقتصر على من يحق لهم رؤية عدسة الأشخاص وسجل السلامة.,,
ppe_issue,Button that opens the issue form,Issue equipment,מסירת ציוד,تسليم معدات,,
ppe_to_whom,Form heading: who receives it,To whom,למי,لمن,,
ppe_find_person,Search box narrowing the list of people,Find a person,חיפוש אדם,ابحث عن شخص,,
ppe_someone_else,Free-text name for somebody with no account,Or type the name of someone without an account,או הקלדת שם של מי שאין לו חשבון,أو اكتب اسم شخص ليس له حساب,,
ppe_what,Form heading: what is handed over,What,מה,ماذا,,
ppe_find_item,Search box narrowing the stock items,Find in stock,חיפוש במלאי,ابحث في المخزون,,
ppe_in_stock,Stock count shown on an item chip; %1$s is a number,%1$s in stock,%1$s במלאי,%1$s في المخزون,,
ppe_item_typed,Free-text item name for something not on the stock list,Or type what it is,או הקלדת שם הפריט,أو اكتب ما هو,,
ppe_quantity,Quantity field label,Quantity,כמות,الكمية,,
ppe_size,"Size field label: S, M, L, a shoe size, a glove size",Size (optional),מידה (לא חובה),المقاس (اختياري),,
ppe_replace_by,Form heading: when it must be replaced,Replace by,להחלפה עד,يُستبدل قبل,,
ppe_replace_never,Chip: no replacement date,No date,ללא תאריך,بلا تاريخ,,
ppe_after_6_months,Replacement interval chip,In 6 months,בעוד 6 חודשים,بعد 6 أشهر,,
ppe_after_1_year,Replacement interval chip,In a year,בעוד שנה,بعد سنة,,
ppe_after_2_years,Replacement interval chip,In 2 years,בעוד שנתיים,بعد سنتين,,
ppe_after_3_years,Replacement interval chip,In 3 years,בעוד 3 שנים,بعد 3 سنوات,,
ppe_after_5_years,Replacement interval chip,In 5 years,בעוד 5 שנים,بعد 5 سنوات,,
ppe_replace_hint,Under the replacement chips: the app gives no advice on lifespans,"How long it lasts is on its label, and it is the manufacturer's to say.","משך השימוש מופיע על התווית, והוא נקבע בידי היצרן.",مدة الاستخدام مكتوبة على الملصق، والصانع هو من يحددها.,,
ppe_sign,Heading over the signature pad; the RECEIVER signs,The person receiving it signs here,מקבל הציוד חותם כאן,يوقّع مستلم المعدات هنا,,
ppe_record,Button that saves the issue,Record the issue,רישום המסירה,تسجيل التسليم,,
ppe_issued,Confirmation,Recorded.,נרשם.,سُجّل.,,
ppe_issued_short,Confirmation when the stock count was below what was handed over; %1$s is how many short,"Recorded. The stock list showed %1$s fewer than were handed over, so its count was already wrong. It now reads nought.","נרשם. ברשימת המלאי היו %1$s פחות ממה שנמסר, כך שהספירה כבר הייתה שגויה. כעת היא עומדת על אפס.",سُجّل. كانت قائمة المخزون تُظهر %1$s أقل مما سُلّم، أي أن العدد كان خاطئًا من قبل. وهو الآن صفر.,,
ppe_holders,Section heading: people and what they hold,Holding now,בידיהם כעת,بحوزتهم الآن,,
ppe_nobody,Empty register,Nothing handed out yet.,עדיין לא נמסר ציוד.,لم يُسلَّم شيء بعد.,,
ppe_state_overdue,An item past its replace-by date,Replacement overdue,ההחלפה באיחור,الاستبدال متأخر,,
ppe_state_due_soon,An item due for replacement within a month,Due for replacement soon,ההחלפה מתקרבת,يحين استبداله قريبًا,,
ppe_state_in_use,An item still good,In use,בשימוש,قيد الاستخدام,,
ppe_replace_on,Replace-by date; %1$s is a date,Replace by %1$s,להחלפה עד %1$s,يُستبدل قبل %1$s,,
ppe_issued_on,"When and by whom; %1$s date, %2$s the person who issued it",Issued %1$s by %2$s,נמסר ב־%1$s על ידי %2$s,سُلّم في %1$s من قِبل %2$s,,
ppe_quantity_badge,Quantity on a row; %1$s is a number,Quantity %1$s,כמות %1$s,الكمية %1$s,,
ppe_size_badge,Size on a row; %1$s is the size,Size %1$s,מידה %1$s,المقاس %1$s,,
ppe_hand_back,Button: this is no longer theirs,Mark handed back,סימון כהוחזר,تعليم كمُعاد,,
ppe_hand_back_confirm,Confirm dialog title,Mark as handed back?,לסמן כהוחזר?,التعليم كمُعاد؟,,
ppe_hand_back_body,Confirm dialog body,"Returned, replaced, or taken off them because it was damaged. It does not go back on the stock list: a used item is not stock.","הוחזר, הוחלף, או נלקח כי ניזוק. הפריט לא חוזר לרשימת המלאי: פריט משומש אינו מלאי.",أُعيد أو استُبدل أو سُحب لأنه تضرّر. لا يعود إلى قائمة المخزون: القطعة المستعملة ليست مخزونًا.,,
ppe_history,Section heading and state: items no longer held,Handed back,הוחזרו,أُعيدت,,
ppe_refused_not_allowed,Refusal,"Only the owner, a manager or a safety officer hands out equipment.","רק הבעלים, מנהל או ממונה בטיחות מוסרים ציוד.",لا يسلّم المعدات إلا المالك أو المدير أو مسؤول السلامة.,,
ppe_refused_worker,Refusal,Say who it went to.,יש לציין למי נמסר.,اذكر لمن سُلّم.,,
ppe_refused_item,Refusal,Say what was handed over.,יש לציין מה נמסר.,اذكر ما الذي سُلّم.,,
ppe_refused_quantity,Refusal,A quantity from 1 to 50.,כמות בין 1 ל־50.,كمية من 1 إلى 50.,,
ppe_refused_signed,Refusal,The person receiving it has to sign.,מקבל הציוד חייב לחתום.,يجب أن يوقّع المستلم.,,
ppe_refused_too_early,Refusal,The replace-by date has to be after today.,תאריך ההחלפה חייב להיות אחרי היום.,يجب أن يكون تاريخ الاستبدال بعد اليوم.,,
ppe_refused_not_held,Refusal,That has already been handed back.,הפריט כבר הוחזר.,أُعيدت هذه القطعة من قبل.,,
summary_visitor_signed_in,,%1$s signed in as a visitor,%1$s נרשם כמבקר,سُجّل %1$s كزائر,,
summary_visitor_signed_out,,%1$s signed out,%1$s יצא מהאתר,غادر %1$s الموقع,,
visit_title,Visitor log screen title and job link,Visitors,מבקרים,الزوار,,
visit_row_hint,Hint under the job link,Who is on site without working here. They go on the roll call until signed out.,מי נמצא באתר בלי לעבוד בו. הם נכללים במסדר עד שיוצאים.,من في الموقع دون أن يعمل فيه. يُدرجون في التفقد حتى يُسجَّل خروجهم.,,
visit_blurb,What the log is for,"Inspectors, the client, engineers, drivers. Anyone signed in and not out is put on the next roll call, so sign people out when they leave.","מפקחים, הלקוח, מהנדסים, נהגים. כל מי שנרשם ולא יצא ייכלל במסדר הבא, לכן יש לרשום יציאה כשהם עוזבים.",مفتشون، العميل، مهندسون، سائقون. كل من سُجّل دخوله ولم يُسجَّل خروجه يُدرج في التفقد التالي، لذا سجّل خروجهم عند مغادرتهم.,,
visit_sign_in,Button opening the sign-in form,Sign a visitor in,רישום מבקר,تسجيل زائر,,
visit_name,Field,Name,שם,الاسم,,
visit_organisation,Field: which firm or office,From (firm or office),מטעם (חברה או משרד),من طرف (شركة أو جهة),,
visit_host,Field: who they came to see,Here to see,מגיע אל,جاء لمقابلة,,
visit_phone,Field,Phone,טלפון,الهاتف,,
visit_briefed,Checkbox,Told the site rules and where the assembly point is,קיבל הסבר על כללי האתר ועל נקודת הכינוס,أُبلغ بقواعد الموقع ومكان نقطة التجمع,,
visit_sign_here,Heading over the visitor's optional signature,The visitor signs here (optional),המבקר חותם כאן (לא חובה),يوقّع الزائر هنا (اختياري),,
visit_record,Button that saves the sign-in,Sign in,רישום כניסה,تسجيل الدخول,,
visit_signed_in,Confirmation,Signed in. They are on the roll call until signed out.,נרשם. הוא ייכלל במסדר עד שתירשם יציאתו.,سُجّل. سيُدرج في التفقد حتى يُسجَّل خروجه.,,
visit_here,Section heading,On site now,באתר כעת,في الموقع الآن,,
visit_nobody_here,Empty state,No visitors signed in.,אין מבקרים רשומים באתר.,لا يوجد زوار مسجلون.,,
visit_seeing,Who they are visiting; %1$s a name,seeing %1$s,אצל %1$s,لدى %1$s,,
visit_since,When they arrived; %1$s a date and time,here since %1$s,באתר מאז %1$s,في الموقع منذ %1$s,,
visit_was_briefed,Row badge,briefed,קיבל הסבר,أُبلغ بالقواعد,,
visit_not_briefed,"Row badge, bold",not briefed,לא קיבל הסבר,لم يُبلَّغ بالقواعد,,
visit_forgotten,Warning on a visit open longer than a shift,"Signed in over 16 hours ago. If they have gone, sign them out, or the roll call will still be looking for them.","נרשם לפני יותר מ־16 שעות. אם עזב, יש לרשום יציאה, אחרת המסדר עדיין יחפש אותו.",سُجّل قبل أكثر من 16 ساعة. إن غادر فسجّل خروجه، وإلا سيظل التفقد يبحث عنه.,,
visit_sign_out,Button,Sign out,רישום יציאה,تسجيل الخروج,,
visit_history,Section heading,Earlier visits,ביקורים קודמים,زيارات سابقة,,
visit_refused_not_allowed,Refusal,Only somebody who writes the site's records can sign visitors in.,רק מי שרושם את רישומי האתר יכול לרשום מבקרים.,لا يسجّل الزوار إلا من يكتب سجلات الموقع.,,
visit_refused_name,Refusal,A visitor needs a name.,למבקר חייב להיות שם.,يجب أن يكون للزائر اسم.,,
visit_refused_left,Refusal,They have already been signed out.,יציאתו כבר נרשמה.,سُجّل خروجه من قبل.,,
muster_visitor_badge,Badge on a roll call row for a visitor,visitor,מבקר,زائر,,
muster_share_visitor,A visitor's name in the shared roll call text; %1$s the name,%1$s (visitor),%1$s (מבקר),%1$s (زائر),,
crew_no_ppe,Profile section placeholder: the register shows nothing held,Holding nothing on the equipment register.,אין ציוד רשום על שמו בפנקס הציוד.,لا يحمل شيئًا مسجلًا في سجل المعدات.,,
ppe_col_holder,Export column,Issued to,נמסר ל,سُلّم إلى,,
ppe_col_item,Export column,Item,פריט,القطعة,,
ppe_col_size,Export column,Size,מידה,المقاس,,
ppe_col_issued,Export column: date issued,Issued,נמסר בתאריך,تاريخ التسليم,,
ppe_col_state,Export column,State,מצב,الحالة,,
visit_col_arrived,Export column,Arrived,הגיע,وصل,,
visit_col_left,Export column,Left,יצא,غادر,,
visit_col_briefed,Export column: told the site rules,Briefed,קיבל הסבר,أُبلغ بالقواعد,,
visit_col_still_here,Export cell: not signed out,Still signed in,עדיין רשום באתר,ما زال مسجلًا,,
visit_col_yes,Export cell,Yes,כן,نعم,,
visit_col_no,Export cell,No,לא,لا,,
home_ppe_overdue,Home banner: protective equipment past its replace-by date (a count: one form per number),one: %d item of protective equipment is past its replacement date | other: %d items of protective equipment are past their replacement date,one: פריט ציוד מגן אחד עבר את מועד ההחלפה | two: שני פריטי ציוד מגן עברו את מועד ההחלפה | many: %d פריטי ציוד מגן עברו את מועד ההחלפה | other: %d פריטי ציוד מגן עברו את מועד ההחלפה,zero: لا توجد معدات وقاية تجاوزت موعد استبدالها | one: قطعة واحدة من معدات الوقاية تجاوزت موعد استبدالها | two: قطعتان من معدات الوقاية تجاوزتا موعد استبدالهما | few: %d قطع من معدات الوقاية تجاوزت موعد استبدالها | many: %d قطعة من معدات الوقاية تجاوزت موعد استبدالها | other: %d قطعة من معدات الوقاية تجاوزت موعد استبدالها,,
tbt_from_checklist,Label over checklist chips in the new-talk dialog; picking one fills the topic and talking points,Start from a checklist,התחלה מרשימת בדיקה,البدء من قائمة فحص,,
muster_visitors_on_site,Under the checked-in count before a roll call starts: visitors signed in who will be on the list too (a count: one form per number),one: and %d visitor signed in | other: and %d visitors signed in,one: ועוד מבקר אחד רשום באתר | two: ועוד שני מבקרים רשומים באתר | many: ועוד %d מבקרים רשומים באתר | other: ועוד %d מבקרים רשומים באתר,zero: ولا يوجد زوار مسجلون | one: وزائر واحد مسجل | two: وزائران مسجلان | few: و%d زوار مسجلين | many: و%d زائرًا مسجلًا | other: و%d زائر مسجل,,
whats_new_title,"Dialog after an update, and its Settings entry",What's new,מה חדש,ما الجديد,,
whats_new_hint,Settings entry hint,What each version of the app changed,מה השתנה בכל גרסה של האפליקציה,ما الذي تغيّر في كل نسخة من التطبيق,,
whats_new_version,Heading over one version's changes; %1$s is a version number,Version %1$s,גרסה %1$s,النسخة %1$s,,
summary_cubes_recorded,,"%1$s: %2$s-day cubes, mean %3$s MPa","%1$s: קוביות בגיל %2$s ימים, ממוצע %3$s מגה־פסקל",%1$s: مكعبات بعمر %2$s يومًا، المتوسط %3$s ميغاباسكال,,
cube_title,Section heading on a pour,Cube tests,בדיקות קוביות,اختبارات المكعبات,,
cube_add,Button and dialog title,Add a lab result,הוספת תוצאת מעבדה,إضافة نتيجة مختبر,,
cube_empty,Empty section,No results yet. Cubes are usually crushed at 7 and 28 days.,עדיין אין תוצאות. קוביות נבדקות בדרך כלל בגיל 7 ו־28 ימים.,لا نتائج بعد. تُكسر المكعبات عادة بعمر 7 و28 يومًا.,,
cube_age,Label over the age chips,Age,גיל,العمر,,
cube_other_age,Chip and field for an age other than 7 or 28,Other age (days),גיל אחר (ימים),عمر آخر (أيام),,
cube_lab,Field,Laboratory,מעבדה,المختبر,,
cube_report,Field,Report number,מספר דוח,رقم التقرير,,
cube_strength,Field; %1$s is the cube's number,Cube %1$s (MPa),קובייה %1$s (מגה־פסקל),المكعب %1$s (ميغاباسكال),,
cube_record,Dialog button,Record,רישום,تسجيل,,
cube_mean,"Result line; %1$s mean, %2$s lowest, both MPa","Mean %1$s MPa, lowest %2$s","ממוצע %1$s מגה־פסקל, הנמוך %2$s",المتوسط %1$s ميغاباسكال، الأدنى %2$s,,
cube_specified,Result line; %1$s the specified strength in MPa,specified %1$s,נדרש %1$s,المطلوب %1$s,,
cube_verdict_early,Verdict before 28 days,Early result: an indication only,תוצאה מוקדמת: להתרשמות בלבד,نتيجة مبكرة: للاسترشاد فقط,,
cube_verdict_no_spec,Verdict when the mix names no strength,The pour's mix does not say which strength was specified,בתערובת של היציקה לא מצוין החוזק הנדרש,لا تذكر خلطة الصبّة المقاومة المطلوبة,,
cube_verdict_mean_below,"Verdict, shown bold in red",Mean below the specified strength: the engineer has to see this,הממוצע נמוך מהחוזק הנדרש: המהנדס חייב לראות זאת,المتوسط أقل من المقاومة المطلوبة: يجب أن يطّلع المهندس على ذلك,,
cube_verdict_cube_below,"Verdict, shown bold in red",A cube below the specified strength: the engineer has to see this,קובייה מתחת לחוזק הנדרש: המהנדס חייב לראות זאת,مكعب أقل من المقاومة المطلوبة: يجب أن يطّلع المهندس على ذلك,,
cube_verdict_meets,Verdict,At or above the specified strength,בחוזק הנדרש או מעליו,بالمقاومة المطلوبة أو أعلى,,
cube_needs_engineer,Marker on the pour list,Cube result for the engineer,תוצאת קוביות לעיון המהנדס,نتيجة مكعبات لاطلاع المهندس,,
cube_disclaimer,Under the result form: the app does not decide conformity,"Whether a pour conforms is decided by the engineer under the standard, which may call for more tests. This only shows the results that need looking at.","האם היציקה עומדת בדרישות קובע המהנדס לפי התקן, שעשוי לדרוש בדיקות נוספות. כאן מוצגות רק התוצאות שדורשות עיון.",مدى مطابقة الصبّة يقرره المهندس وفق المواصفة، وقد تتطلب فحوصًا إضافية. هنا تُعرض فقط النتائج التي تحتاج إلى مراجعة.,,
cube_refused_not_allowed,Refusal,Only somebody who books concrete in can record its results.,רק מי שקולט בטון יכול לרשום את תוצאותיו.,لا يسجّل النتائج إلا من يستلم الخرسانة.,,
cube_refused_no_cubes,Refusal,Type at least one cube's strength.,יש להקליד חוזק של קובייה אחת לפחות.,اكتب مقاومة مكعب واحد على الأقل.,,
cube_refused_strength,Refusal,That cannot be a cube's strength: it has to be between 0 and 150 MPa.,זה לא יכול להיות חוזק של קובייה: הוא חייב להיות בין 0 ל־150 מגה־פסקל.,لا يمكن أن تكون هذه مقاومة مكعب: يجب أن تكون بين 0 و150 ميغاباسكال.,,
cube_refused_age,Refusal,The age has to be between 1 and 365 days.,הגיל חייב להיות בין 1 ל־365 ימים.,يجب أن يكون العمر بين 1 و365 يومًا.,,
cube_age_days,The age of a cube set in days (a count: one form per number),one: %d day | other: %d days,one: יום אחד | two: יומיים | many: %d ימים | other: %d ימים,zero: صفر أيام | one: يوم واحد | two: يومان | few: %d أيام | many: %d يومًا | other: %d يوم,,
summary_drawing_received,,%1$s revision %2$s received,התקבל %1$s במהדורה %2$s,استُلم %1$s بالمراجعة %2$s,,
summary_drawing_superseded,,"%1$s revision %2$s received, replacing %3$s","התקבל %1$s במהדורה %2$s, במקום %3$s",استُلم %1$s بالمراجعة %2$s بدلًا من %3$s,,
dwg_title,Drawing register screen title and job link,Drawings,תוכניות,المخططات,,
dwg_row_hint,Hint under the job link,The revision of each drawing to build from,המהדורה של כל תוכנית שלפיה בונים,مراجعة كل مخطط التي يُبنى عليها,,
dwg_blurb,What the register is for,Only the current revision of each drawing is listed. A new revision replaces the old one on every phone.,מוצגת רק המהדורה העדכנית של כל תוכנית. מהדורה חדשה מחליפה את הקודמת בכל הטלפונים.,تُعرض فقط المراجعة الحالية لكل مخطط. المراجعة الجديدة تحلّ محل القديمة في كل الهواتف.,,
dwg_empty,Empty register,No drawings on this job yet.,אין עדיין תוכניות בעבודה הזו.,لا توجد مخططات في هذا المشروع بعد.,,
dwg_record,Button and dialog title,Record a drawing or a new revision,רישום תוכנית או מהדורה חדשה,تسجيل مخطط أو مراجعة جديدة,,
dwg_number,Field: drawing number from the title block,Drawing number,מספר תוכנית,رقم المخطط,,
dwg_title_field,Field,Title,כותרת,العنوان,,
dwg_revision_field,Field,Revision,מהדורה,المراجعة,,
dwg_notes,Field,Notes (optional),הערות (לא חובה),ملاحظات (اختياري),,
dwg_save,Dialog button,Record,רישום,تسجيل,,
dwg_revision,Row text; %1$s is the revision,Revision %1$s,מהדורה %1$s,المراجعة %1$s,,
dwg_received,Row text; %1$s is a date,received %1$s,התקבלה %1$s,استُلمت %1$s,,
dwg_replaced_on,History row; %1$s is a date,replaced %1$s,הוחלפה %1$s,استُبدلت %1$s,,
dwg_will_replace,Shown in the form when the number exists; %1$s is the current revision,"This replaces revision %1$s, which will no longer be the one to build from.","זו מחליפה את מהדורה %1$s, שלא תהיה עוד המהדורה שלפיה בונים.",هذه تحلّ محل المراجعة %1$s، التي لن تبقى المراجعة التي يُبنى عليها.,,
dwg_current,Banner on the current revision,Current: build from this revision,עדכנית: בונים לפי מהדורה זו,حالية: يُبنى على هذه المراجعة,,
dwg_superseded_banner,Banner on an old revision,Replaced: do not build from this revision,הוחלפה: אין לבנות לפי מהדורה זו,مستبدلة: لا يُبنى على هذه المراجعة,,
dwg_sheet,Section heading and image description,The sheet,הגיליון,اللوحة,,
dwg_no_sheet,No picture of the sheet yet,No picture of the sheet,אין תמונה של הגיליון,لا توجد صورة للوحة,,
dwg_add_sheet,Button,Add a picture of the sheet,הוספת תמונה של הגיליון,إضافة صورة للوحة,,
dwg_history,Section heading,Earlier revisions,מהדורות קודמות,مراجعات سابقة,,
dwg_no_history,Empty history,This is the first revision on the register.,זו המהדורה הראשונה בפנקס.,هذه أول مراجعة في السجل.,,
dwg_refused_not_allowed,Refusal,Only somebody who plans the job can record its drawings.,רק מי שמתכנן את העבודה יכול לרשום את התוכניות שלה.,لا يسجّل المخططات إلا من يخطط للمشروع.,,
dwg_refused_number,Refusal,A drawing needs its number from the title block.,לתוכנית חייב להיות המספר שמופיע על אבן הכותרת.,يجب أن يكون للمخطط رقمه الموجود في خانة العنوان.,,
dwg_refused_revision,Refusal,Say which revision this is.,יש לציין איזו מהדורה זו.,اذكر أي مراجعة هذه.,,
dwg_refused_current,Refusal,That revision is already the current one.,המהדורה הזו כבר העדכנית.,هذه المراجعة هي الحالية أصلًا.,,
hv_cubes_engineer,Handover pack row,Pours with a cube result for the engineer,יציקות עם תוצאת קוביות לעיון המהנדס,صبّات بنتيجة مكعبات لاطلاع المهندس,,
hv_cubes_missing,Handover pack row,Finished pours with no 28-day cube result,יציקות שהסתיימו בלי תוצאת קוביות לגיל 28 ימים,صبّات منتهية بلا نتيجة مكعبات لعمر 28 يومًا,,
gaps_title,Screen title and People action,Tickets by trade,תעודות לפי מקצוע,الشهادات حسب المهنة,,
gaps_blurb,What the screen is for; the catalogue's word is 'usually',"The tickets each trade usually needs, and who does not hold them in date. What a particular job calls for is the job's to say.","התעודות שכל מקצוע צריך בדרך כלל, ומי שאין לו אותן בתוקף. מה עבודה מסוימת דורשת נקבע לפי העבודה.",الشهادات التي تحتاجها كل مهنة عادةً، ومن لا يحملها سارية. أما ما يتطلبه عمل بعينه فيحدده العمل نفسه.,,
gaps_none,Nobody has a gap,Everybody holds the tickets their trade usually needs.,לכל אחד יש את התעודות שהמקצוע שלו צריך בדרך כלל.,الجميع يحملون الشهادات التي تحتاجها مهنتهم عادةً.,,
gaps_none_checked,Nobody could be checked,Nobody here has a trade that usually needs a ticket yet. Set people's trades on their profiles.,עדיין אין כאן אף אחד שהמקצוע שלו צריך תעודה בדרך כלל. יש להגדיר את המקצוע בפרופיל של כל אחד.,لا يوجد هنا بعد من تحتاج مهنته شهادة عادةً. حدّد مهنة كل شخص في ملفه.,,
gaps_missing,Row line; %1$s is a ticket kind,%1$s: none on record,%1$s: לא רשום,%1$s: غير مسجلة,,
gaps_expired,Row line; %1$s is a ticket kind,%1$s: expired,%1$s: פג תוקף,%1$s: منتهية الصلاحية,,
summary_query_answered,,%1$s answered,התקבלה תשובה ל־%1$s,وردت إجابة على %1$s,,
summary_query_raised,,%1$s asked of %2$s,%1$s נשאלה אצל %2$s,%1$s وُجّه إلى %2$s,,
qry_title,Screen title and job link,Questions to the designers,שאלות למתכננים,أسئلة للمصممين,,
qry_row_hint,Hint under the job link,"What was asked, of whom, and whether it has been answered","מה נשאל, את מי, והאם התקבלה תשובה",ما الذي سُئل، ولمن، وهل وردت إجابة,,
qry_blurb,What the log is for,"Write down every question put to the architect, the engineer or the supervisor, and when the site needs the answer. Unanswered ones past that date are shown first.","רשמו כל שאלה שנשאלה את האדריכל, המהנדס או המפקח, ומתי האתר צריך את התשובה. שאלות שלא נענו אחרי התאריך מוצגות ראשונות.",سجّل كل سؤال وُجّه إلى المعماري أو المهندس أو المشرف، ومتى يحتاج الموقع إلى الإجابة. الأسئلة التي لم يُجَب عنها بعد ذلك التاريخ تظهر أولًا.,,
qry_empty,Empty log,No questions on this job yet.,עדיין אין שאלות בעבודה הזו.,لا توجد أسئلة في هذا المشروع بعد.,,
qry_raise,Button and dialog title,Ask a question,שאלה חדשה,طرح سؤال,,
qry_question,Field,The question,השאלה,السؤال,,
qry_asked_of,Label over the chips,Asked of,נשאלה את,موجّه إلى,,
qry_asked_of_typed,Field,Or type who it was asked of,או הקלדת למי נשאלה,أو اكتب لمن وُجّه,,
qry_drawing,Field,Drawing number (optional),מספר תוכנית (לא חובה),رقم المخطط (اختياري),,
qry_needed_by_label,Label over the chips,The site needs the answer,האתר צריך את התשובה,يحتاج الموقع إلى الإجابة,,
qry_no_date,Chip,No date,ללא תאריך,بلا تاريخ,,
qry_in_2_days,Chip,In 2 days,בעוד יומיים,خلال يومين,,
qry_in_a_week,Chip,In a week,בעוד שבוע,خلال أسبوع,,
qry_in_2_weeks,Chip,In 2 weeks,בעוד שבועיים,خلال أسبوعين,,
qry_send,Dialog button,Record the question,רישום השאלה,تسجيل السؤال,,
qry_answered_on,Row line; %1$s is a date,Answered %1$s,נענתה ב־%1$s,أُجيب في %1$s,,
qry_overdue,"Row line, red; %1$s is a date","Needed by %1$s, still unanswered","נדרשה עד %1$s, עדיין ללא תשובה",مطلوبة قبل %1$s، ولا إجابة بعد,,
qry_needed_by,Row line; %1$s is a date,Needed by %1$s,נדרשת עד %1$s,مطلوبة قبل %1$s,,
qry_asked_on,Row line; %1$s is a date,Asked %1$s,נשאלה ב־%1$s,سُئل في %1$s,,
qry_answer,Label,The answer,התשובה,الإجابة,,
qry_answer_typed,Field,"The answer, as it was given","התשובה, כפי שנמסרה",الإجابة كما قُدّمت,,
qry_record_answer,Dialog button,Record the answer,רישום התשובה,تسجيل الإجابة,,
qry_architect,Chip,The architect,האדריכל,المعماري,,
qry_engineer,Chip,The structural engineer,מהנדס הקונסטרוקציה,المهندس الإنشائي,,
qry_supervisor,Chip: the client's site supervisor,The supervisor,המפקח,المشرف,,
qry_client,Chip,The client,הלקוח,العميل,,
qry_refused_not_allowed,Refusal,Only somebody who plans the job can record its questions.,רק מי שמתכנן את העבודה יכול לרשום את השאלות שלה.,لا يسجّل الأسئلة إلا من يخطط للمشروع.,,
qry_refused_question,Refusal,Write the question.,יש לכתוב את השאלה.,اكتب السؤال.,,
qry_refused_nobody,Refusal,Say who it was asked of.,יש לציין את מי שאלו.,اذكر لمن وُجّه السؤال.,,
qry_refused_date,Refusal,The date the answer is needed by cannot be before today.,התאריך שבו נדרשת התשובה לא יכול להיות לפני היום.,لا يمكن أن يكون تاريخ الحاجة إلى الإجابة قبل اليوم.,,
qry_refused_answer,Refusal,Write the answer.,יש לכתוב את התשובה.,اكتب الإجابة.,,
qry_refused_answered,Refusal,That question has already been answered.,השאלה הזו כבר נענתה.,سبقت الإجابة عن هذا السؤال.,,
hv_queries,Handover pack row,Questions to the designers still unanswered,שאלות למתכננים שעדיין לא נענו,أسئلة للمصممين لم يُجَب عنها بعد,,
search_kind_drawing,Search result kind,Drawing,תוכנית,مخطط,,
search_kind_query,Search result kind: a question to the designers,Question,שאלה,سؤال,,
search_kind_visitor,Search result kind,Visitor,מבקר,زائر,,
summary_ir_cleared_pour,,%1$s cleared %2$s,%1$s שחררה את %2$s ליציקה,%1$s أجاز الصبّة %2$s,,
summary_ir_failed,,%1$s failed by %2$s,%1$s נפסלה על ידי %2$s,رفض %2$s الفحص %1$s,,
summary_ir_passed,,%1$s passed by %2$s,%1$s אושרה על ידי %2$s,اعتمد %2$s الفحص %1$s,,
summary_ir_passed_with_comments,,%1$s passed with comments by %2$s,%1$s אושרה עם הערות על ידי %2$s,اعتمد %2$s الفحص %1$s مع ملاحظات,,
summary_ir_requested,,%1$s: inspection asked of %2$s,%1$s: התבקשה בדיקה מ־%2$s,%1$s: طُلب الفحص من %2$s,,
summary_ir_requested_again,,%1$s failed; asked again as %2$s,%1$s נפסלה; התבקשה שוב כ־%2$s,لم يجتز %1$s؛ طُلب مجددًا برقم %2$s,,
ir_title,Screen title and job link,Inspection requests,בקשות לבדיקה,طلبات الفحص,,
ir_row_hint,Hint under the job link,"The steel, the membrane or the pipes, seen before they are covered","ברזל, איטום או צנרת, נבדקים לפני שהם מכוסים",الحديد أو العزل أو الأنابيب، تُفحص قبل تغطيتها,,
ir_empty,,No inspections asked for on this job yet.,עדיין לא התבקשו בדיקות בעבודה הזו.,لم يُطلب أي فحص في هذا المشروع بعد.,,
ir_blurb,,"Before steel is poured over, a membrane screeded or a wall closed, ask here for it to be seen. The result is written once; a failed one is asked again, and both stay on the record.","לפני שיוצקים על ברזל, מכסים איטום במדה או סוגרים קיר, בקשו כאן שיבדקו. התוצאה נרשמת פעם אחת; בדיקה שנפסלה מתבקשת שוב, ושתיהן נשארות ברישום.",قبل صبّ الخرسانة على الحديد أو تغطية العزل أو إغلاق الجدار، اطلب فحصه هنا. تُسجَّل النتيجة مرة واحدة؛ والفحص المرفوض يُطلب مجددًا، ويبقى الاثنان في السجل.,,
ir_request,Button and dialog title,Ask for an inspection,בקשת בדיקה,طلب فحص,,
ir_kind,,What kind,סוג הבדיקה,نوع الفحص,,
ir_kind_reinforcement,"Steel reinforcement, inspected before a pour",Reinforcement,ברזל זיון,حديد التسليح,,
ir_kind_formwork,,Formwork,טפסנות,القوالب,,
ir_kind_waterproofing,,Waterproofing,איטום,العزل المائي,,
ir_kind_pipe_pressure,,Pipe pressure test,בדיקת לחץ בצנרת,اختبار ضغط الأنابيب,,
ir_kind_electrical,,Electrical,חשמל,الكهرباء,,
ir_kind_other,,Other,אחר,أخرى,,
ir_element,,"What, and where",מה ואיפה,ماذا وأين,,
ir_element_hint,,"Level 3 slab, grids A–D, bottom steel","תקרת קומה 3, צירים A–D, ברזל תחתון",سقف الطابق 3، المحاور A–D، الحديد السفلي,,
ir_requested_of,,Asked of,ממי מבקשים,مَن يُطلب منه,,
ir_requested_of_typed,,Or type who,או הקלידו מי,أو اكتب مَن,,
ir_of_engineer,,The structural engineer,מהנדס הקונסטרוקציה,المهندس الإنشائي,,
ir_of_supervisor,The owner's site supervisor,The supervisor,המפקח,المشرف,,
ir_of_electrical,,The electrical inspector,בודק החשמל,فاحص الكهرباء,,
ir_of_client,,The client's representative,נציג המזמין,ممثل صاحب العمل,,
ir_wanted_on,,Wanted on,מתי מבקשים,مطلوب يوم,,
ir_no_date,,No date,ללא תאריך,بلا تاريخ,,
ir_today,,Today,היום,اليوم,,
ir_tomorrow,,Tomorrow,מחר,غدًا,,
ir_in_2_days,,In 2 days,בעוד יומיים,بعد يومين,,
ir_send,,Ask,שליחת הבקשה,إرسال الطلب,,
ir_wanted,%1$s is a date,Wanted %1$s,מבוקש ל־%1$s,مطلوب في %1$s,,
ir_asked_on,%1$s is a date,Asked %1$s,התבקשה ב־%1$s,طُلب في %1$s,,
ir_overdue,%1$s is a date,"Wanted %1$s, and nobody has come",התבקשה ל־%1$s ועדיין לא הגיעו,مطلوب في %1$s ولم يحضر أحد,,
ir_passed_on,"%1$s is a date, %2$s the inspector's name",Passed %1$s by %2$s,אושרה ב־%1$s על ידי %2$s,اعتُمد في %1$s من %2$s,,
ir_failed_on,"%1$s is a date, %2$s the inspector's name",Failed %1$s by %2$s: the work is held,נפסלה ב־%1$s על ידי %2$s: העבודה מעוכבת,رُفض في %1$s من %2$s: العمل متوقف,,
ir_reinspected_as,%1$s is the new request's number,"Failed, and asked again as %1$s","נפסלה, והתבקשה שוב כ־%1$s",رُفض، وطُلب مجددًا برقم %1$s,,
ir_reinspection_of,%1$s is the failed request's number,Asked again after %1$s failed,בקשה חוזרת אחרי ש־%1$s נפסלה,طلب مجدد بعد رفض %1$s,,
ir_result,,Result,תוצאה,النتيجة,,
ir_result_passed,,Passed,אושרה,مقبول,,
ir_result_comments,,Passed with comments,אושרה עם הערות,مقبول مع ملاحظات,,
ir_result_failed,,Failed,נפסלה,مرفوض,,
ir_record_result,,Record the result,רישום התוצאה,تسجيل النتيجة,,
ir_inspector,,Who inspected,מי בדק,مَن فحص,,
ir_inspector_hint,,"The person's name, not their title","שם האדם, לא התפקיד",اسم الشخص، لا صفته,,
ir_comments,,Comments,הערות,ملاحظات,,
ir_why_failed,,Why it failed,למה נפסלה,سبب الرفض,,
ir_record,,Record,רישום,تسجيل,,
ir_recorded_by,%1$s is the name of whoever typed it in,typed in by %1$s,הוקלד על ידי %1$s,أدخله %1$s,,
ir_ask_again,,Ask again,בקשה חוזרת,طلب مجدد,,
ir_ask_again_blurb,,"The same work, of the same person, under a new number that points back at this one.","אותה עבודה, מאותו אדם, במספר חדש שמפנה לבקשה הזו.",العمل نفسه، من الشخص نفسه، برقم جديد يشير إلى هذا الطلب.,,
ir_cleared,%1$s is a pour's number,Cleared %1$s,שחררה את %1$s ליציקה,أجاز الصبّة %1$s,,
ir_form,,The signed form,הטופס החתום,النموذج الموقّع,,
ir_no_form,,No photograph of the form yet.,עדיין אין צילום של הטופס.,لا توجد صورة للنموذج بعد.,,
ir_add_form,,Add a photograph of the form,הוספת צילום של הטופס,إضافة صورة للنموذج,,
ir_refused_not_allowed,,Your role does not keep the site's record.,התפקיד שלך לא מנהל את רישום האתר.,دورك لا يتولى سجل الموقع.,,
ir_refused_element,,"Say what is to be inspected, and where.",כתבו מה לבדוק ואיפה.,اذكر ما يجب فحصه وأين.,,
ir_refused_nobody,,Say who is asked to inspect.,כתבו ממי מבקשים לבדוק.,اذكر مَن يُطلب منه الفحص.,,
ir_refused_date,,It cannot be wanted before today.,אי אפשר לבקש לתאריך שלפני היום.,لا يمكن طلبه قبل اليوم.,,
ir_refused_decided,,"The result is already recorded. A failed inspection is asked again, not changed.","התוצאה כבר נרשמה. בדיקה שנפסלה מבקשים שוב, לא משנים.",النتيجة مسجلة بالفعل. الفحص المرفوض يُطلب مجددًا ولا يُعدَّل.,,
ir_refused_inspector,,Write the name of whoever inspected.,כתבו את שם מי שבדק.,اكتب اسم مَن قام بالفحص.,,
ir_refused_reason,,"Say why it failed, so there is something to fix.","כתבו למה נפסלה, כדי שיהיה מה לתקן.",اذكر سبب الرفض ليكون هناك ما يُصلَح.,,
ir_refused_comments,,Write the comments it passed with.,כתבו את ההערות שאיתן אושרה.,اكتب الملاحظات التي اعتُمد بها.,,
ir_refused_not_failed,,Only a failed inspection is asked again.,רק בדיקה שנפסלה מבקשים שוב.,لا يُطلب مجددًا إلا الفحص المرفوض.,,
ir_refused_reinspected,,It has already been asked again; follow that request.,כבר התבקשה שוב; עקבו אחרי הבקשה ההיא.,طُلب مجددًا بالفعل؛ تابع ذلك الطلب.,,
ir_refused_not_passed,,Only a passed inspection clears a pour.,רק בדיקה שאושרה משחררת יציקה.,لا يُجيز الصبّة إلا فحص مقبول.,,
ir_refused_not_pour,,Only an inspection of the steel or the formwork clears a pour.,רק בדיקת ברזל או טפסנות משחררת יציקה.,لا يُجيز الصبّة إلا فحص الحديد أو القوالب.,,
ir_refused_cleared,,That inspection has already cleared another pour.,הבדיקה הזו כבר שחררה יציקה אחרת.,هذا الفحص أجاز صبّة أخرى بالفعل.,,
ir_refused_job,,That inspection is on another job.,הבדיקה הזו שייכת לעבודה אחרת.,هذا الفحص يخص مشروعًا آخر.,,
pour_inspected,Section heading on a pour,Inspected before the pour,נבדק לפני היציקה,فُحص قبل الصب,,
pour_uninspected,,No inspection is recorded against this pour.,לא נרשמה בדיקה עבור היציקה הזו.,لم يُسجَّل فحص لهذه الصبّة.,,
pour_no_inspection_short,Short note on a row of the pour list,no inspection recorded,לא נרשמה בדיקה,لا فحص مسجل,,
pour_link_inspection,,Set a passed inspection against it,שיוך בדיקה שאושרה,ربط فحص مقبول,,
pour_link_none,,No passed inspection of the steel or the formwork on this job is free to set against it.,אין בעבודה הזו בדיקת ברזל או טפסנות שאושרה ועדיין לא שויכה ליציקה.,لا يوجد في هذا المشروع فحص مقبول للحديد أو القوالب لم يُربط بصبّة بعد.,,
hv_inspections,Handover pack line,"Inspections still waiting, or failed and not asked again","בדיקות שעדיין ממתינות, או שנפסלו ולא התבקשו שוב",فحوصات لا تزال منتظرة، أو رُفضت ولم تُطلب مجددًا,,
hv_pours_uninspected,Handover pack line,Pours with no inspection recorded against them,יציקות שלא נרשמה עבורן בדיקה,صبّات لم يُسجَّل لها فحص,,
search_kind_inspection,Label on a search result,Inspection,בדיקה,فحص,,
summary_ms_approved,,%1$s approved by %2$s,%1$s אושר על ידי %2$s,اعتمد %2$s المادة %1$s,,
summary_ms_approved_as_noted,,%1$s approved as noted by %2$s,%1$s אושר בהערות על ידי %2$s,اعتمد %2$s المادة %1$s مع ملاحظات,,
summary_ms_rejected,,%1$s rejected by %2$s,%1$s נדחה על ידי %2$s,رفض %2$s المادة %1$s,,
summary_ms_resubmitted,,%1$s sent again as revision %2$s,%1$s נשלח שוב כמהדורה %2$s,أُعيد إرسال %1$s بالإصدار %2$s,,
summary_ms_submitted,,%1$s sent for approval to %2$s,%1$s נשלח לאישור אל %2$s,أُرسل %1$s للاعتماد إلى %2$s,,
ms_title,Screen title and job link,Material approvals,אישורי חומרים,اعتماد المواد,,
ms_row_hint,Hint under the job link,"What was sent for approval, to whom, and what they said","מה נשלח לאישור, למי, ומה נענה",ما أُرسل للاعتماد، ولمن، وبماذا أُجيب,,
ms_empty,,Nothing sent for approval on this job yet.,עדיין לא נשלח דבר לאישור בעבודה הזו.,لم يُرسل شيء للاعتماد في هذا المشروع بعد.,,
ms_blurb,,"Before a tile, a membrane or a window system is ordered, send it for approval here. The answer is written once; a rejected one goes up a revision under the same number, and every go stays on the record.","לפני שמזמינים אריח, חומר איטום או מערכת חלונות, שלחו אותם כאן לאישור. התשובה נרשמת פעם אחת; מה שנדחה עולה מהדורה באותו מספר, וכל הגשה נשארת ברישום.",قبل طلب البلاط أو مادة العزل أو نظام النوافذ، أرسلها هنا للاعتماد. تُسجَّل الإجابة مرة واحدة؛ وما يُرفض يُرفع إصداره بالرقم نفسه، وتبقى كل محاولة في السجل.,,
ms_submit,Button and dialog title,Send for approval,שליחה לאישור,إرسال للاعتماد,,
ms_item,,What is proposed,מה מוצע,ما المقترح,,
ms_item_hint,,"Porcelain floor tile 60×60, grey, matt","אריח פורצלן לרצפה 60×60, אפור, מט",بلاط بورسلين للأرضيات 60×60، رمادي، مطفأ,,
ms_supplier,,Maker or supplier,יצרן או ספק,المصنّع أو المورّد,,
ms_location,,"Where it goes, or the clause it answers","איפה ייושם, או הסעיף במפרט",أين يُستخدم، أو البند الذي يلبّيه,,
ms_submitted_to,,Sent to,נשלח אל,أُرسل إلى,,
ms_submitted_to_typed,,Or type who,או הקלידו למי,أو اكتب إلى مَن,,
ms_to_architect,,The architect,האדריכל,المهندس المعماري,,
ms_to_supervisor,The owner's site supervisor,The supervisor,המפקח,المشرف,,
ms_to_engineer,,The structural engineer,מהנדס הקונסטרוקציה,المهندس الإنشائي,,
ms_to_client,,The client's representative,נציג המזמין,ممثل صاحب العمل,,
ms_needed_by,,Answer needed by,תשובה נדרשת עד,الإجابة مطلوبة قبل,,
ms_no_date,,No date,ללא תאריך,بلا تاريخ,,
ms_in_3_days,,In 3 days,בעוד 3 ימים,بعد 3 أيام,,
ms_in_a_week,,In a week,בעוד שבוע,بعد أسبوع,,
ms_in_2_weeks,,In 2 weeks,בעוד שבועיים,بعد أسبوعين,,
ms_send,,Send,שליחה,إرسال,,
ms_revision_of,"%1$s is the number, %2$d the revision",%1$s rev. %2$d,%1$s מהדורה %2$d,%1$s الإصدار %2$d,,
ms_sent_on,%1$s is a date,Sent %1$s,נשלח ב־%1$s,أُرسل في %1$s,,
ms_needed,%1$s is a date,Needed by %1$s,נדרש עד %1$s,مطلوب قبل %1$s,,
ms_overdue,%1$s is a date,"Needed by %1$s, and no answer","נדרש עד %1$s, ואין תשובה",مطلوب قبل %1$s، ولا إجابة,,
ms_approved_on,"%1$s is a date, %2$s the reviewer's name",Approved %1$s by %2$s,אושר ב־%1$s על ידי %2$s,اعتُمد في %1$s من %2$s,,
ms_rejected_on,"%1$s is a date, %2$s the reviewer's name",Rejected %1$s by %2$s: not to be ordered,נדחה ב־%1$s על ידי %2$s: לא להזמין,رُفض في %1$s من %2$s: لا يُطلب,,
ms_superseded,%1$d is the next revision,"Rejected, and sent again as revision %1$d","נדחה, ונשלח שוב כמהדורה %1$d",رُفض، وأُعيد إرساله بالإصدار %1$d,,
ms_follows,%1$d is the earlier revision,"Follows revision %1$d, which was rejected","בא אחרי מהדורה %1$d, שנדחתה",يلي الإصدار %1$d الذي رُفض,,
ms_decision,,Answer,תשובה,الإجابة,,
ms_decision_approved,,Approved,אושר,معتمد,,
ms_decision_noted,,Approved as noted,אושר בהערות,معتمد مع ملاحظات,,
ms_decision_rejected,,Rejected,נדחה,مرفوض,,
ms_record_decision,,Record the answer,רישום התשובה,تسجيل الإجابة,,
ms_reviewer,,Who decided,מי החליט,مَن قرّر,,
ms_reviewer_hint,,"The person's name, not their title","שם האדם, לא התפקיד",اسم الشخص، لا صفته,,
ms_notes,,Notes,הערות,ملاحظات,,
ms_why_rejected,,Why it was rejected,למה נדחה,سبب الرفض,,
ms_record,,Record,רישום,تسجيل,,
ms_recorded_by,%1$s is the name of whoever typed it in,typed in by %1$s,הוקלד על ידי %1$s,أدخله %1$s,,
ms_send_again,,Send again,שליחה חוזרת,إعادة الإرسال,,
ms_send_again_blurb,,"The same number, the next revision, to the same person. Change what is proposed if it has changed.","אותו מספר, המהדורה הבאה, לאותו אדם. שנו את מה שמוצע אם הוא השתנה.",الرقم نفسه، الإصدار التالي، إلى الشخص نفسه. غيّر المقترح إن تغيّر.,,
ms_sheet,,Datasheet or sample,דף נתונים או דוגמה,ورقة البيانات أو العينة,,
ms_no_sheet,,No photograph yet.,עדיין אין צילום.,لا توجد صورة بعد.,,
ms_add_sheet,,Add a photograph,הוספת צילום,إضافة صورة,,
ms_refused_not_allowed,,Your role does not plan the work.,התפקיד שלך לא מתכנן את העבודה.,دورك لا يخطط للعمل.,,
ms_refused_item,,Say what is proposed.,כתבו מה מוצע.,اذكر ما المقترح.,,
ms_refused_nobody,,Say who it is sent to.,כתבו למי נשלח.,اذكر إلى مَن يُرسل.,,
ms_refused_date,,The answer cannot be needed before today.,אי אפשר לדרוש תשובה לפני היום.,لا يمكن أن تكون الإجابة مطلوبة قبل اليوم.,,
ms_refused_decided,,"The answer is already recorded. A rejected one is sent again, not changed.","התשובה כבר נרשמה. מה שנדחה שולחים שוב, לא משנים.",الإجابة مسجلة بالفعل. ما يُرفض يُعاد إرساله ولا يُعدَّل.,,
ms_refused_reviewer,,Write the name of whoever decided.,כתבו את שם מי שהחליט.,اكتب اسم مَن قرّر.,,
ms_refused_reason,,"Say why it was rejected, so the next revision can answer it.","כתבו למה נדחה, כדי שהמהדורה הבאה תענה על כך.",اذكر سبب الرفض ليجيب عنه الإصدار التالي.,,
ms_refused_notes,,Write the notes it was approved with.,כתבו את ההערות שאיתן אושר.,اكتب الملاحظات التي اعتُمد بها.,,
ms_refused_not_rejected,,Only a rejected submittal is sent again.,רק מה שנדחה שולחים שוב.,لا يُعاد إرسال إلا المرفوض.,,
ms_refused_resubmitted,,It has already been sent again; follow the later revision.,כבר נשלח שוב; עקבו אחרי המהדורה המאוחרת.,أُعيد إرساله بالفعل؛ تابع الإصدار اللاحق.,,
hv_submittals,Handover pack line,"Materials still waiting for approval, or rejected and not sent again","חומרים שעדיין ממתינים לאישור, או שנדחו ולא נשלחו שוב",مواد لا تزال تنتظر الاعتماد، أو رُفضت ولم يُعد إرسالها,,
search_kind_submittal,Label on a search result,Material approval,אישור חומר,اعتماد مادة,,
summary_de_ended,,%1$s ended %2$s,%1$s הסתיים ב־%2$s,انتهى %1$s في %2$s,,
summary_de_notified,,%1$s: notice given to %2$s,%1$s: נמסרה הודעה ל־%2$s,%1$s: أُبلغ %2$s,,
summary_de_recorded,,%1$s: work held from %2$s,%1$s: העבודה עוכבה מ־%2$s,%1$s: توقف العمل منذ %2$s,,
de_title,Screen title and job link,Delays,עיכובים,التأخيرات,,
de_row_hint,Hint under the job link,"Days the work could not go ahead, why, and who was told","ימים שבהם העבודה לא התקדמה, למה, ולמי נמסרה הודעה",أيام تعذّر فيها العمل، ولماذا، ومَن أُبلغ,,
de_empty,,No delays recorded on this job.,לא נרשמו עיכובים בעבודה הזו.,لم تُسجَّل تأخيرات في هذا المشروع.,,
de_blurb,,"When rain, a late answer, the client or somebody else's connection stops the work, write it down on the day: what stopped, from when, and who was told. Months later that record is the one that counts.","כשגשם, תשובה מאוחרת, המזמין או חיבור של גורם אחר עוצרים את העבודה, רשמו את זה באותו יום: מה נעצר, ממתי, ולמי נמסרה הודעה. חודשים אחר כך, הרישום הזה הוא מה שקובע.",عندما يوقف المطر أو إجابة متأخرة أو صاحب العمل أو توصيلة جهة أخرى العمل، سجّل ذلك في اليوم نفسه: ما الذي توقف، ومنذ متى، ومَن أُبلغ. بعد أشهر، هذا السجل هو ما يُعتدّ به.,,
de_record,Button and dialog title,Record a delay,רישום עיכוב,تسجيل تأخير,,
de_overlap_note,,Delays that overlap are each counted in full.,עיכובים חופפים נספרים כל אחד במלואו.,التأخيرات المتداخلة يُحسب كل منها كاملًا.,,
de_no_notice,,No notice recorded,לא נרשמה הודעה,لم يُسجَّل إشعار,,
de_ended_title,,When could the work go ahead again?,מתי העבודה יכלה להמשיך?,متى أمكن استئناف العمل؟,,
de_span,%1$s and %2$s are dates,%1$s to %2$s,%1$s עד %2$s,من %1$s إلى %2$s,,
de_since,%1$s is a date,"Since %1$s, still going","מאז %1$s, עדיין נמשך",منذ %1$s، ولا يزال مستمرًا,,
de_affected_is,%1$s is the work affected,Held: %1$s,עוכב: %1$s,تعطّل: %1$s,,
de_related_is,%1$s is a reference,Rests on: %1$s,מתבסס על: %1$s,يستند إلى: %1$s,,
de_recorded_by,%1$s is a name,Recorded by %1$s,נרשם על ידי %1$s,سجّله %1$s,,
de_notice,,Notice,הודעה,الإشعار,,
de_notified,"%1$s is who was told, %2$s a date",Notice given to %1$s on %2$s,נמסרה הודעה ל־%1$s ב־%2$s,أُبلغ %1$s في %2$s,,
de_record_notice,,Record the notice,רישום ההודעה,تسجيل الإشعار,,
de_notice_blurb,,"Who was told, formally, and on what day. The letter or the email itself can go with it as a photograph.","למי נמסרה הודעה רשמית, ובאיזה יום. אפשר לצרף את המכתב או המייל עצמו כצילום.",مَن أُبلغ رسميًا، وفي أي يوم. ويمكن إرفاق الرسالة أو البريد نفسه كصورة.,,
de_notified_to,,Told to,נמסרה ל־,أُبلغ إلى,,
de_notice_on,,On,ביום,في يوم,,
de_to_client,,The client,המזמין,صاحب العمل,,
de_to_supervisor,The owner's site supervisor,The supervisor,המפקח,المشرف,,
de_to_manager,,The project manager,מנהל הפרויקט,مدير المشروع,,
de_photos,,Photographs,צילומים,الصور,,
de_no_photos,,No photographs yet.,עדיין אין צילומים.,لا توجد صور بعد.,,
de_add_photo,,Add a photograph,הוספת צילום,إضافة صورة,,
de_end,,It has ended,העיכוב הסתיים,انتهى التأخير,,
de_cause,,Why,סיבה,السبب,,
de_description,,What happened,מה קרה,ماذا حدث,,
de_description_hint,,"Rain from 6am, the slab could not be poured","גשם מ־6 בבוקר, לא ניתן היה לצקת את התקרה",مطر منذ السادسة صباحًا، تعذّر صبّ السقف,,
de_affected,,The work it held,העבודה שעוכבה,العمل الذي تعطّل,,
de_related,,What it rests on,על מה זה מתבסס,ما يستند إليه,,
de_related_hint,,"Q-004, an instruction number, a letter","Q-004, מספר הוראה, מכתב",Q-004، رقم تعليمات، رسالة,,
de_started,,Started,התחיל,بدأ,,
de_save,,Save,שמירה,حفظ,,
de_cause_weather,,Weather,מזג אוויר,الطقس,,
de_cause_information,,Late information,מידע שהתעכב,معلومات متأخرة,,
de_cause_client,,Client change,שינוי של המזמין,تغيير من صاحب العمل,,
de_cause_access,,No access,אין גישה,لا وصول,,
de_cause_utilities,,Utilities,תשתיות,المرافق,,
de_cause_authority,,An authority,רשות,جهة رسمية,,
de_cause_supply,,Supply,אספקה,التوريد,,
de_cause_labour,,Labour,כוח אדם,العمالة,,
de_cause_other,,Other,אחר,أخرى,,
de_today,,Today,היום,اليوم,,
de_yesterday,,Yesterday,אתמול,أمس,,
de_2_days_ago,,2 days ago,לפני יומיים,قبل يومين,,
de_3_days_ago,,3 days ago,לפני 3 ימים,قبل 3 أيام,,
de_a_week_ago,,A week ago,לפני שבוע,قبل أسبوع,,
de_refused_not_allowed,,Your role does not plan the work.,התפקיד שלך לא מתכנן את העבודה.,دورك لا يخطط للعمل.,,
de_refused_description,,Say what happened.,כתבו מה קרה.,اذكر ما حدث.,,
de_refused_future,,"A delay that has not started yet is a warning, not a delay.","עיכוב שעוד לא התחיל הוא אזהרה, לא עיכוב.",التأخير الذي لم يبدأ بعد تحذير وليس تأخيرًا.,,
de_refused_ends_early,,It cannot end before it started.,עיכוב לא יכול להסתיים לפני שהתחיל.,لا يمكن أن ينتهي قبل أن يبدأ.,,
de_refused_ended,,Its end is already recorded.,סיום העיכוב כבר נרשם.,نهايته مسجلة بالفعل.,,
de_refused_notice_given,,Notice is already recorded for this delay.,כבר נרשמה הודעה על העיכוב הזה.,الإشعار مسجل بالفعل لهذا التأخير.,,
de_refused_nobody,,Say who was told.,כתבו למי נמסרה ההודעה.,اذكر مَن أُبلغ.,,
de_refused_notice_early,,Notice cannot be given before the delay started.,אי אפשר למסור הודעה לפני שהעיכוב התחיל.,لا يمكن الإشعار قبل بدء التأخير.,,
search_kind_delay,Label on a search result,Delay,עיכוב,تأخير,,
de_events,Top of the delay register: how many recorded (a count: one form per number),one: %d delay recorded | other: %d delays recorded,one: עיכוב אחד נרשם | two: שני עיכובים נרשמו | many: %d עיכובים נרשמו | other: %d עיכובים נרשמו,zero: لم يُسجَّل أي تأخير | one: تأخير واحد مسجل | two: تأخيران مسجلان | few: %d تأخيرات مسجلة | many: %d تأخيرًا مسجلًا | other: %d تأخير مسجل,,
de_days,"Length of a delay, in calendar days (a count: one form per number)",one: %d day | other: %d days,one: יום אחד | two: יומיים | many: %d ימים | other: %d ימים,zero: لا أيام | one: يوم واحد | two: يومان | few: %d أيام | many: %d يومًا | other: %d يوم,,
de_without_notice,Delays with no notice recorded against them (a count: one form per number),one: %d with no notice recorded | other: %d with no notice recorded,one: אחד מהם ללא הודעה רשומה | two: שניים מהם ללא הודעה רשומה | many: %d מהם ללא הודעה רשומה | other: %d מהם ללא הודעה רשומה,zero: لا شيء منها بلا إشعار | one: واحد منها بلا إشعار مسجل | two: اثنان منها بلا إشعار مسجل | few: %d منها بلا إشعار مسجل | many: %d منها بلا إشعار مسجل | other: %d منها بلا إشعار مسجل,,
summary_pe_failed,,%1$s failed its examination by %2$s,%1$s נכשל בבדיקה של %2$s,لم يجتز %1$s فحص %2$s,,
summary_pe_passed,,%1$s examined and passed by %2$s,%1$s נבדק ואושר על ידי %2$s,فحص %2$s المعدّة %1$s واعتمدها,,
pe_title,Plant: the periodic examination by a qualified examiner,Examination certificates,תסקירי בדיקה,شهادات الفحص,,
pe_none,,No examination recorded for this machine.,לא נרשמה בדיקה לכלי הזה.,لم يُسجَّل فحص لهذه المعدّة.,,
pe_blurb,,"Cranes, hoists, forklifts and pressure equipment are examined by a qualified examiner, who signs a certificate until a date. Record each one here, with a photograph of it; which machines need one, and how often, is the examiner's to say.","עגורנים, מעליות משא, מלגזות וציוד בלחץ נבדקים על ידי בודק מוסמך, שחותם על תסקיר עד תאריך. רשמו כאן כל תסקיר, עם צילום שלו; אילו כלים צריכים תסקיר ובאיזו תדירות, זה עניינו של הבודק.",تُفحص الرافعات والمصاعد والرافعات الشوكية ومعدات الضغط من قِبل فاحص مؤهل يوقّع شهادة سارية حتى تاريخ معيّن. سجّل كل شهادة هنا مع صورة لها؛ أما أي المعدات تحتاجها وكم مرة فذلك يحدده الفاحص.,,
pe_current,%1$s is a date,Certificate runs to %1$s,התסקיר בתוקף עד %1$s,الشهادة سارية حتى %1$s,,
pe_no_next,%1$s is a date,"Examined %1$s, no next date recorded","נבדק ב־%1$s, לא נרשם מועד הבדיקה הבאה",فُحص في %1$s، دون تاريخ للفحص التالي,,
pe_due_soon,%1$s is a date,Examination due %1$s,הבדיקה הבאה ב־%1$s,الفحص التالي في %1$s,,
pe_overdue,%1$s is a date,Examination certificate ran out %1$s,תוקף התסקיר פג ב־%1$s,انتهت صلاحية شهادة الفحص في %1$s,,
pe_failed_on,%1$s is a date,Failed its examination %1$s,נכשל בבדיקה ב־%1$s,لم يجتز الفحص في %1$s,,
pe_next_due_on,%1$s is a date,Next examination %1$s,הבדיקה הבאה ב־%1$s,الفحص التالي في %1$s,,
pe_certificate,,The certificate,התסקיר,الشهادة,,
pe_no_photo,,No photograph of the certificate yet.,עדיין אין צילום של התסקיר.,لا توجد صورة للشهادة بعد.,,
pe_add_photo,,Add a photograph of the certificate,הוספת צילום של התסקיר,إضافة صورة للشهادة,,
pe_record,,Record an examination,רישום בדיקה,تسجيل فحص,,
pe_examined,,Examined,נבדק,تاريخ الفحص,,
pe_examiner,,Examiner,הבודק,الفاحص,,
pe_examiner_hint,,The qualified examiner who signed it,הבודק המוסמך שחתם,الفاحص المؤهل الذي وقّع,,
pe_certificate_number,,Certificate number,מספר תסקיר,رقم الشهادة,,
pe_next_due,,Next examination,הבדיקה הבאה,الفحص التالي,,
pe_no_date,,Not written,לא נכתב,غير مذكور,,
pe_in_3_months,,In 3 months,בעוד 3 חודשים,بعد 3 أشهر,,
pe_in_6_months,,In 6 months,בעוד 6 חודשים,بعد 6 أشهر,,
pe_in_12_months,,In 12 months,בעוד 12 חודשים,بعد 12 شهرًا,,
pe_why_failed,,Why it failed,למה נכשל,سبب عدم الاجتياز,,
pe_conditions,,Conditions or notes,תנאים או הערות,شروط أو ملاحظات,,
pe_save,,Save,שמירה,حفظ,,
pe_result_passed,,Passed,אושר,اجتاز,,
pe_result_failed,,Failed,נכשל,لم يجتز,,
pe_refused_not_allowed,,Your role does not keep the plant register.,התפקיד שלך לא מנהל את רישום הכלים.,دورك لا يتولى سجل المعدات.,,
pe_refused_examiner,,Write the name of the examiner who signed it.,כתבו את שם הבודק שחתם.,اكتب اسم الفاحص الذي وقّع.,,
pe_refused_future,,It cannot have been examined after today.,הבדיקה לא יכולה להיות אחרי היום.,لا يمكن أن يكون الفحص بعد اليوم.,,
pe_refused_due,,The next examination cannot come before this one.,הבדיקה הבאה לא יכולה להיות לפני הבדיקה הזו.,لا يمكن أن يسبق الفحص التالي هذا الفحص.,,
pe_refused_reason,,"Say why it failed, so there is something to fix.","כתבו למה נכשל, כדי שיהיה מה לתקן.",اذكر سبب عدم الاجتياز ليكون هناك ما يُصلَح.,,
home_plant_examination_due,Home banner: machines whose examination certificate ran out or failed (a count: one form per number),one: %d machine's examination certificate has run out or failed | other: %d machines' examination certificates have run out or failed,one: לכלי אחד פג תוקף התסקיר או שנכשל בבדיקה | two: לשני כלים פג תוקף התסקיר או שנכשלו בבדיקה | many: ל־%d כלים פג תוקף התסקיר או שנכשלו בבדיקה | other: ל־%d כלים פג תוקף התסקיר או שנכשלו בבדיקה,zero: لا توجد معدات انتهت شهادة فحصها أو لم تجتزه | one: معدّة واحدة انتهت شهادة فحصها أو لم تجتزه | two: معدّتان انتهت شهادتا فحصهما أو لم تجتازاه | few: %d معدات انتهت شهادات فحصها أو لم تجتزه | many: %d معدّة انتهت شهادات فحصها أو لم تجتزه | other: %d معدّة انتهت شهادات فحصها أو لم تجتزه,,
ex_col_number,Column heading on an exported register,No.,מס׳,الرقم,,
ex_col_asked,Column heading: the day it was asked,Asked,התבקש,طُلب,,
ex_col_sent,Column heading: the day it was sent,Sent,נשלח,أُرسل,,
ex_col_on,Column heading: the day it was decided,On,בתאריך,بتاريخ,,
ex_col_from,Column heading: the first day,From,מ־,من,,
ex_col_to,Column heading: the last day,To,עד,إلى,,
ex_col_days,Column heading: how many calendar days,Days,ימים,الأيام,,
ex_waiting,Cell in an exported register: no answer yet,Waiting,ממתין,بالانتظار,,
ex_still_going,Cell in an exported register: a delay not yet ended,Still going,עדיין נמשך,لا يزال مستمرًا,,
summary_ra_assessed,,"%1$s assessed, residual risk %2$s","%1$s הוערך, סיכון שיורי %2$s",قُيّم %1$s، الخطر المتبقي %2$s,,
summary_ra_closed,,%1$s closed,%1$s נסגר,أُغلق %1$s,,
summary_ra_reviewed,,"%1$s reviewed, residual risk %2$s to %3$s","%1$s נבדק מחדש, סיכון שיורי מ־%2$s ל־%3$s",روجع %1$s، الخطر المتبقي من %2$s إلى %3$s,,
ra_title,Screen title and job link: the job's risk assessment,Risk assessment,סקר סיכונים,تقييم المخاطر,,
ra_row_hint,Hint under the job link,"What could hurt somebody, how badly, and what is done about it","מה עלול לפגוע במישהו, כמה חמור, ומה נעשה בעניין",ما قد يؤذي أحدًا، ومدى خطورته، وما يُفعل حياله,,
ra_empty,,No risks assessed on this job yet.,עדיין לא הוערכו סיכונים בעבודה הזו.,لم تُقيَّم أي مخاطر في هذا المشروع بعد.,,
ra_blurb,,"For each activity, write what could hurt somebody and who, score it from one to five for how likely and how bad, then again with the controls in place. A risk that is still extreme with its controls is shown first, in red.","לכל פעילות, כתבו מה עלול לפגוע ובמי, דרגו מאחת עד חמש את הסבירות ואת החומרה, ושוב עם אמצעי הבקרה במקומם. סיכון שנשאר קיצוני גם עם אמצעי הבקרה מוצג ראשון, באדום.",لكل نشاط، اكتب ما قد يؤذي ومَن، وقيّم من واحد إلى خمسة مدى الاحتمال والخطورة، ثم مرة أخرى مع وجود تدابير التحكم. الخطر الذي يبقى شديدًا مع تدابيره يظهر أولًا باللون الأحمر.,,
ra_add,Button and dialog title,Assess a risk,הערכת סיכון,تقييم خطر,,
ra_activity,,Activity,פעילות,النشاط,,
ra_activity_hint,,"Formwork at the slab edge, level 5","טפסנות בשפת התקרה, קומה 5",القوالب عند حافة السقف، الطابق 5,,
ra_hazard,,Hazard,גורם סיכון,مصدر الخطر,,
ra_hazard_hint,,Fall from height,נפילה מגובה,السقوط من ارتفاع,,
ra_who,,Who is at risk,מי בסיכון,مَن المعرَّض للخطر,,
ra_who_is,%1$s is who is at risk,At risk: %1$s,בסיכון: %1$s,المعرَّضون: %1$s,,
ra_likelihood,,How likely,סבירות,الاحتمال,,
ra_severity,,How bad,חומרה,الخطورة,,
ra_l1,Likelihood 1,Rare,נדיר,نادر,,
ra_l2,Likelihood 2,Unlikely,לא סביר,غير مرجّح,,
ra_l3,Likelihood 3,Possible,אפשרי,ممكن,,
ra_l4,Likelihood 4,Likely,סביר,مرجّح,,
ra_l5,Likelihood 5,Almost certain,כמעט ודאי,شبه مؤكد,,
ra_s1,Severity 1,Negligible,זניח,طفيف,,
ra_s2,Severity 2,Minor,קל,بسيط,,
ra_s3,Severity 3,Moderate,בינוני,متوسط,,
ra_s4,Severity 4,Major,חמור,كبير,,
ra_s5,Severity 5,Catastrophic,הרסני,كارثي,,
ra_band_low,,low,נמוך,منخفض,,
ra_band_medium,,medium,בינוני,متوسط,,
ra_band_high,,high,גבוה,مرتفع,,
ra_band_extreme,,extreme,קיצוני,شديد,,
ra_before,,Before the controls,לפני אמצעי הבקרה,قبل تدابير التحكم,,
ra_after,,With the controls,עם אמצעי הבקרה,مع تدابير التحكم,,
ra_controls,,Controls,אמצעי בקרה,تدابير التحكم,,
ra_controls_hint,,"Edge protection, harness clipped to the anchor line","מעקה בטיחות, רתמה מחוברת לקו העיגון",حماية الحافة، وحزام مثبّت بخط الإرساء,,
ra_no_controls,,No controls written.,לא נכתבו אמצעי בקרה.,لم تُكتب تدابير تحكم.,,
ra_scores,"%1$d is the score before, %2$d after, %3$s the band after","Before %1$d · with controls %2$d, %3$s","לפני %1$d · עם בקרה %2$d, %3$s",قبل %1$d · مع التحكم %2$d، %3$s,,
ra_score_detail,"%1$s likelihood word, %2$s severity word, %3$d score, %4$s band","%1$s × %2$s = %3$d, %4$s","%1$s × %2$s = %3$d, %4$s",%1$s × %2$s = %3$d، %4$s,,
ra_still_extreme,,Still extreme with the controls in place,נשאר קיצוני גם עם אמצעי הבקרה,لا يزال شديدًا مع وجود تدابير التحكم,,
ra_review_overdue,%1$s is a date,Review overdue since %1$s,הבדיקה החוזרת באיחור מאז %1$s,المراجعة متأخرة منذ %1$s,,
ra_review_by,%1$s is a date,Review by %1$s,בדיקה חוזרת עד %1$s,المراجعة قبل %1$s,,
ra_closed,,Closed,נסגר,مغلق,,
ra_owner,,Who sees to the controls,האחראי על אמצעי הבקרה,المسؤول عن تدابير التحكم,,
ra_owner_is,%1$s is a name,Controls: %1$s,אחראי: %1$s,المسؤول: %1$s,,
ra_recorded_by,%1$s is a name,Assessed by %1$s,הוערך על ידי %1$s,قيّمه %1$s,,
ra_reviewed_by,%1$s is a name,last reviewed by %1$s,נבדק לאחרונה על ידי %1$s,روجع آخر مرة من %1$s,,
ra_review,,Review,בדיקה חוזרת,مراجعة,,
ra_review_in,,Review again,בדיקה חוזרת בעוד,المراجعة التالية,,
ra_no_review,,No date,ללא תאריך,بلا تاريخ,,
ra_in_a_week,,In a week,בעוד שבוע,بعد أسبوع,,
ra_in_a_month,,In a month,בעוד חודש,بعد شهر,,
ra_in_3_months,,In 3 months,בעוד 3 חודשים,بعد 3 أشهر,,
ra_save,,Save,שמירה,حفظ,,
ra_close,,Close this risk,סגירת הסיכון,إغلاق هذا الخطر,,
ra_close_confirm,%1$s is the risk's number,Close %1$s? Do this when the activity is finished. It stays on the record.,לסגור את %1$s? עשו זאת כשהפעילות הסתיימה. הסיכון נשאר ברישום.,إغلاق %1$s؟ افعل ذلك عند انتهاء النشاط. يبقى في السجل.,,
ra_refused_not_allowed,,Your role does not keep the site's record.,התפקיד שלך לא מנהל את רישום האתר.,دورك لا يتولى سجل الموقع.,,
ra_refused_activity,,Say what the activity is.,כתבו מהי הפעילות.,اذكر ما النشاط.,,
ra_refused_hazard,,Say what could hurt somebody.,כתבו מה עלול לפגוע.,اذكر ما قد يؤذي.,,
ra_refused_range,,Scores run from one to five.,הדירוג הוא מאחת עד חמש.,التقييم من واحد إلى خمسة.,,
ra_refused_controls,,"The risk comes down, so write what is being done to bring it down.","הסיכון יורד, אז כתבו מה נעשה כדי להוריד אותו.",الخطر ينخفض، فاكتب ما يُفعل لخفضه.,,
ra_refused_worse,,The controls cannot leave the risk higher than it was before them. Check the scores.,אמצעי הבקרה לא יכולים להשאיר את הסיכון גבוה יותר מלפניהם. בדקו את הדירוג.,لا يمكن أن تترك تدابير التحكم الخطر أعلى مما كان قبلها. راجع التقييم.,,
ra_refused_review,,The next review cannot be before today.,הבדיקה החוזרת לא יכולה להיות לפני היום.,لا يمكن أن تكون المراجعة التالية قبل اليوم.,,
ra_refused_closed,,This risk is closed.,הסיכון הזה סגור.,هذا الخطر مغلق.,,
ex_col_review,Column heading: the next review date,Review,בדיקה חוזרת,المراجعة,,
search_kind_risk,Label on a search result,Risk,סיכון,خطر,,
log_pours,Daily log line,Concrete pours started,יציקות בטון שהתחילו,صبّات خرسانة بدأت,,
log_inspections_passed,Daily log line,Inspections passed,בדיקות שאושרו,فحوصات اجتيزت,,
log_inspections_failed,Daily log line,Inspections failed,בדיקות שנפסלו,فحوصات لم تُجتز,,
log_delays,Daily log line: delay events that ran that day,Delays running,עיכובים שנמשכו,تأخيرات جارية,,
log_visitors,Daily log line,Visitors signed in,מבקרים שנרשמו,زوار سُجّلوا,,
log_drawings,Daily log line,Drawings received,תוכניות שהתקבלו,مخططات وردت,,
at_title,Top of a job page: what is waiting on somebody,Needs attention,דורש טיפול,يحتاج إلى متابعة,,
at_risks_extreme,"Line in 'Needs attention', followed by a count",Risks still extreme,סיכונים שנשארו קיצוניים,مخاطر لا تزال شديدة,,
at_inspections_failed,"Line in 'Needs attention', followed by a count","Inspections failed, not asked again",בדיקות שנפסלו ולא התבקשו שוב,فحوصات لم تُجتز ولم تُطلب مجددًا,,
at_inspections_overdue,"Line in 'Needs attention', followed by a count",Inspections overdue,בדיקות באיחור,فحوصات متأخرة,,
at_materials_rejected,"Line in 'Needs attention', followed by a count","Materials rejected, not sent again",חומרים שנדחו ולא נשלחו שוב,مواد رُفضت ولم يُعد إرسالها,,
at_materials_overdue,"Line in 'Needs attention', followed by a count",Material answers overdue,תשובות על חומרים באיחור,إجابات مواد متأخرة,,
at_queries_overdue,"Line in 'Needs attention', followed by a count",Questions to the designers overdue,שאלות למתכננים באיחור,أسئلة للمصممين متأخرة,,
at_delays_no_notice,"Line in 'Needs attention', followed by a count",Delays with no notice recorded,עיכובים ללא הודעה רשומה,تأخيرات بلا إشعار مسجل,,
at_delays_running,"Line in 'Needs attention', followed by a count",Delays still running,עיכובים שעדיין נמשכים,تأخيرات لا تزال جارية,,
at_risk_reviews,"Line in 'Needs attention', followed by a count",Risk reviews overdue,בדיקות חוזרות של סיכונים באיחור,مراجعات مخاطر متأخرة,,
hv_export_all,Button on the handover pack,Export all of this job's records,ייצוא כל הרישומים של העבודה,تصدير كل سجلات هذا المشروع,,
hv_export_all_hint,,"One file with the handover summary, the emergency sheet and every register you may see — inspections, risks, visitors, complaints, hazardous substances, fire points, questions to the designers, material approvals, delays and the meeting points — each as a PDF and a CSV.","קובץ אחד עם סיכום המסירה, דף החירום וכל פנקס שמותר לך לראות — בדיקות, סיכונים, מבקרים, תלונות, חומרים מסוכנים, עמדות כיבוי, שאלות למתכננים, אישורי חומרים, עיכובים ונקודות מהישיבות — כל אחד כ־PDF וכ־CSV.",ملف واحد فيه ملخص التسليم وورقة الطوارئ وكل سجل يُسمح لك برؤيته — الفحوصات والمخاطر والزوار والشكاوى والمواد الخطرة ونقاط الإطفاء وأسئلة المصممين واعتماد المواد والتأخيرات ونقاط الاجتماعات — كلٌّ منها بصيغة PDF وCSV.,,
summary_cp_answered,,%1$s answered,נשלחה תשובה ל־%1$s,أُجيب على %1$s,,
summary_cp_received,,%1$s: complaint from %2$s,%1$s: תלונה מ־%2$s,%1$s: شكوى من %2$s,,
cp_title,Screen title and job link,Complaints,תלונות,الشكاوى,,
cp_row_hint,Hint under the job link,"What the neighbours and the municipality said, and what was done","מה אמרו השכנים והעירייה, ומה נעשה",ما قاله الجيران والبلدية، وما الذي فُعل,,
cp_empty,,No complaints recorded on this job.,לא נרשמו תלונות בעבודה הזו.,لم تُسجَّل شكاوى في هذا المشروع.,,
cp_blurb,,"When a neighbour or the municipality complains about noise, dust, the hours, a blocked road or damage, write it down the same day, and then what was done and what they were told. One left unanswered for a week is shown first.","כששכן או העירייה מתלוננים על רעש, אבק, שעות העבודה, דרך חסומה או נזק, רשמו את זה באותו יום, ואחר כך מה נעשה ומה נאמר להם. תלונה שלא נענתה שבוע מוצגת ראשונה.",عندما يشتكي جار أو البلدية من الضجيج أو الغبار أو ساعات العمل أو طريق مغلق أو ضرر، سجّل ذلك في اليوم نفسه، ثم ما الذي فُعل وما الذي قيل لهم. الشكوى التي لم يُرد عليها أسبوعًا تظهر أولًا.,,
cp_receive,Button and dialog title,Record a complaint,רישום תלונה,تسجيل شكوى,,
cp_subject,,About,נושא,الموضوع,,
cp_subject_noise,,Noise,רעש,ضجيج,,
cp_subject_dust,,Dust,אבק,غبار,,
cp_subject_hours,,Working hours,שעות עבודה,ساعات العمل,,
cp_subject_blocking,,Blocked road or access,חסימת דרך או גישה,إغلاق طريق أو مدخل,,
cp_subject_damage,,Damage,נזק,ضرر,,
cp_subject_dirt,,Mud or dirt on the road,בוץ או לכלוך בכביש,طين أو أوساخ على الطريق,,
cp_subject_safety,,Safety,בטיחות,السلامة,,
cp_subject_other,,Other,אחר,أخرى,,
cp_description,,What they said,מה נאמר,ما قيل,,
cp_description_hint,,The pump started at six and woke the children,המשאבה התחילה בשש והעירה את הילדים,بدأت المضخة في السادسة وأيقظت الأطفال,,
cp_from,,From,ממי,مِن,,
cp_from_hint,,"The neighbour at 12 Herzl, the municipality's inspector","השכן מהרצל 12, פקח העירייה",الجار في هرتسل 12، مراقب البلدية,,
cp_contact,,How to reach them,איך ליצור קשר,كيفية التواصل,,
cp_contact_hint,,Kept for answering them; never printed,נשמר לצורך מתן תשובה; לא מודפס לעולם,يُحفظ للرد عليهم؛ ولا يُطبع أبدًا,,
cp_channel,,How it came,איך הגיעה,كيف وصلت,,
cp_channel_in_person,,In person,פנים אל פנים,شخصيًا,,
cp_channel_phone,,Phone,טלפון,هاتف,,
cp_channel_writing,,In writing,בכתב,كتابيًا,,
cp_channel_municipality,,Through the municipality,דרך העירייה,عبر البلدية,,
cp_when,,When,מתי,متى,,
cp_just_now,,Just now,זה עתה,الآن,,
cp_3_hours_ago,,3 hours ago,לפני 3 שעות,قبل 3 ساعات,,
cp_save,,Save,שמירה,حفظ,,
cp_received_on,%1$s is a date,Received %1$s,התקבלה ב־%1$s,وردت في %1$s,,
cp_waiting_long,%1$s is a date,"Received %1$s, still no answer","התקבלה ב־%1$s, ועדיין אין תשובה",وردت في %1$s، ولا رد بعد,,
cp_answered_on,%1$s is a date,Answered %1$s,נענתה ב־%1$s,أُجيب عليها في %1$s,,
cp_taken_by,%1$s is a name,taken by %1$s,נרשמה על ידי %1$s,سجّلها %1$s,,
cp_response,,What was done,מה נעשה,ما الذي فُعل,,
cp_response_typed,,"What was done, and what they were told","מה נעשה, ומה נאמר להם",ما الذي فُعل، وما الذي قيل لهم,,
cp_record_response,,Record the answer,רישום התשובה,تسجيل الرد,,
cp_refused_not_allowed,,Your role does not keep the site's record.,התפקיד שלך לא מנהל את רישום האתר.,دورك لا يتولى سجل الموقع.,,
cp_refused_from,,Say who complained.,כתבו מי התלונן.,اذكر مَن اشتكى.,,
cp_refused_description,,Say what the complaint was.,כתבו מה הייתה התלונה.,اذكر ما كانت الشكوى.,,
cp_refused_future,,A complaint cannot have been made after now.,תלונה לא יכולה להיות מאוחרת מעכשיו.,لا يمكن أن تكون الشكوى بعد الآن.,,
cp_refused_response,,Write what was done.,כתבו מה נעשה.,اكتب ما الذي فُعل.,,
cp_refused_answered,,This complaint has already been answered.,התלונה הזו כבר נענתה.,أُجيب على هذه الشكوى بالفعل.,,
ex_col_received,Column heading: the day it was received,Received,התקבל,ورد,,
search_kind_complaint,Label on a search result,Complaint,תלונה,شكوى,,
summary_hs_added,,%1$s: %2$s kept on site,%1$s: אחסון באתר — %2$s,%1$s: تخزين في الموقع — %2$s,,
summary_hs_removed,,%1$s taken off site,%1$s הוצא מהאתר,%1$s أُخرج من الموقع,,
summary_hs_sheet,,%1$s: safety data sheet of %2$s on file,%1$s: גיליון בטיחות מתאריך %2$s בתיק,%1$s: صحيفة بيانات السلامة بتاريخ %2$s في الملف,,
hs_title,Screen title and job link,Hazardous substances,חומרים מסוכנים,المواد الخطرة,,
hs_row_hint,Hint under the job link,"What is kept on the site that can hurt somebody, where, and its data sheet","מה מאוחסן באתר שעלול לפגוע, איפה, וגיליון הבטיחות שלו",ما المخزَّن في الموقع ويمكن أن يؤذي أحدًا، وأين، وصحيفة بيانات سلامته,,
hs_empty,,No hazardous substances recorded on this job.,לא נרשמו חומרים מסוכנים בעבודה הזו.,لم تُسجَّل مواد خطرة في هذا المشروع.,,
hs_blurb,,"Diesel, gas bottles, form oil, epoxy, acid, solvents, cement: write down each one kept on the site, what its label warns of, where the rest of it is, and the date of its safety data sheet. One with no sheet on file is shown first.","סולר, בלוני גז, שמן תבניות, אפוקסי, חומצה, ממיסים, מלט: רשמו כל חומר שמאוחסן באתר, ממה התווית שלו מזהירה, איפה שאר הכמות, ואת התאריך של גיליון הבטיחות שלו. חומר בלי גיליון בתיק מוצג ראשון.",الديزل، أسطوانات الغاز، زيت القوالب، الإيبوكسي، الحمض، المذيبات، الإسمنت: سجّل كل مادة مخزَّنة في الموقع، وممّ يحذّر ملصقها، وأين بقيتها، وتاريخ صحيفة بيانات سلامتها. المادة التي لا صحيفة لها في الملف تظهر أولًا.,,
hs_add,,Add a substance,הוספת חומר,إضافة مادة,,
hs_save,Button,Save,שמירה,حفظ,,
hs_name,"Field label, and a column heading",Substance,חומר,المادة,,
hs_name_hint,,As it is called on the label,כפי שהוא נקרא על התווית,كما يُسمّى على الملصق,,
hs_supplier,,Supplier or maker,ספק או יצרן,المورّد أو المصنّع,,
hs_hazards,"Heading over the hazard chips, and a column heading",What the label warns of,ממה התווית מזהירה,ممّ يحذّر الملصق,,
hs_kept_where,"Field label, and a column heading",Where it is kept,איפה הוא מאוחסן,أين تُخزَّن,,
hs_kept_where_hint,,"Where the rest of it is: the locked cage by the gate, the paint store","איפה שאר הכמות: הכלוב הנעול ליד השער, מחסן הצבע",أين بقيتها: القفص المقفل عند البوابة، مخزن الدهان,,
hs_kept_at,%1$s is a place on the site,Kept at: %1$s,מאוחסן ב: %1$s,مخزَّنة في: %1$s,,
hs_quantity,"Field label, and a column heading",How much,כמות,الكمية,,
hs_precautions,"Field label, heading and column heading",Precautions,אמצעי זהירות,الاحتياطات,,
hs_precautions_hint,,What the data sheet says to wear and to do when using it,מה גיליון הבטיחות אומר ללבוש ולעשות בזמן השימוש,ما تقول صحيفة البيانات أن يُلبَس ويُفعَل عند استعمالها,,
hs_first_aid,"Field label, heading and column heading",First aid,עזרה ראשונה,الإسعاف الأولي,,
hs_first_aid_hint,,What the data sheet says to do if somebody is splashed or breathes it,מה גיליון הבטיחות אומר לעשות אם מישהו נותז או שאף אותו,ما تقول صحيفة البيانات أن يُفعَل إذا تناثرت على أحد أو استنشقها,,
hs_sheet,"Heading, and a column heading",Safety data sheet,גיליון בטיחות,صحيفة بيانات السلامة,,
hs_sheet_pick,Button that opens a calendar,Date printed on the data sheet,התאריך המודפס על גיליון הבטיחות,التاريخ المطبوع على صحيفة البيانات,,
hs_sheet_date_question,Title of the calendar,What date is printed on the data sheet?,איזה תאריך מודפס על גיליון הבטיחות?,ما التاريخ المطبوع على صحيفة البيانات؟,,
hs_sheet_dated,%1$s is a date,Data sheet of %1$s,גיליון מתאריך %1$s,صحيفة بتاريخ %1$s,,
hs_no_sheet,,No safety data sheet on file,אין גיליון בטיחות בתיק,لا توجد صحيفة بيانات سلامة في الملف,,
hs_sheet_old,%1$s is a date,Data sheet of %1$s: ask the supplier for the current one,גיליון מתאריך %1$s: בקשו מהספק את העדכני,صحيفة بتاريخ %1$s: اطلب من المورّد الصحيفة الحالية,,
hs_sheet_old_hint,,A data sheet more than five years old is worth replacing with the supplier's current one. It has not stopped counting; it may just not say what the current one does.,כדאי להחליף גיליון בטיחות בן יותר מחמש שנים בגיליון העדכני של הספק. הוא לא הפסיק להיות תקף; ייתכן שפשוט אינו אומר את מה שאומר העדכני.,يُستحسن استبدال صحيفة بيانات عمرها أكثر من خمس سنوات بالصحيفة الحالية من المورّد. لم تتوقف عن أن تُعتمد؛ لكنها قد لا تقول ما تقوله الحالية.,,
hs_record_sheet,Button,Record a newer data sheet,רישום גיליון בטיחות חדש יותר,تسجيل صحيفة بيانات أحدث,,
hs_add_sheet_photo,Button,Photograph the data sheet,צילום גיליון הבטיחות,تصوير صحيفة البيانات,,
hs_added_by,"%1$s is a date, %2$s a name",Added %1$s by %2$s,נוסף ב־%1$s על ידי %2$s,أُضيفت في %1$s بواسطة %2$s,,
hs_remove,Button,Taken off the site,הוצא מהאתר,أُخرجت من الموقع,,
hs_remove_question,%1$s is the substance,Has %1$s been taken off the site?,האם %1$s הוצא מהאתר?,هل أُخرجت %1$s من الموقع؟,,
hs_remove_body,,"It stays on the register, marked off with today's date. Nothing more can be recorded against it.","הוא נשאר בפנקס, מסומן בתאריך של היום. לא ניתן לרשום עליו דבר נוסף.",تبقى في السجل، مؤشَّرًا عليها بتاريخ اليوم. ولا يمكن تسجيل شيء آخر عليها.,,
hs_removed_on,%1$s is a date,Off the site since %1$s,מחוץ לאתר מאז %1$s,خارج الموقع منذ %1$s,,
hs_hazard_explosive,A hazard pictogram on a chemical's label,Explosive,נפיץ,متفجّرة,,
hs_hazard_flammable,A hazard pictogram on a chemical's label,Flammable,דליק,قابلة للاشتعال,,
hs_hazard_oxidising,A hazard pictogram on a chemical's label,Oxidising,מחמצן,مؤكسِدة,,
hs_hazard_gas,A hazard pictogram on a chemical's label,Gas under pressure,גז בלחץ,غاز مضغوط,,
hs_hazard_corrosive,A hazard pictogram on a chemical's label,Corrosive,מאכל,أكّالة,,
hs_hazard_toxic,A hazard pictogram on a chemical's label,Toxic,רעיל,سامّة,,
hs_hazard_health,A hazard pictogram on a chemical's label,Serious health hazard,סכנה חמורה לבריאות,خطر جسيم على الصحة,,
hs_hazard_harmful,A hazard pictogram on a chemical's label,Harmful or irritant,מזיק או מגרה,ضارّة أو مهيِّجة,,
hs_hazard_environment,A hazard pictogram on a chemical's label,Harmful to the environment,מזיק לסביבה,ضارّة بالبيئة,,
hs_refused_not_allowed,,Your role cannot change the substances register.,התפקיד שלך אינו מאפשר לשנות את פנקס החומרים המסוכנים.,دورك لا يسمح بتغيير سجل المواد الخطرة.,,
hs_refused_name,,Write what the substance is called.,כתבו איך נקרא החומר.,اكتب اسم المادة.,,
hs_refused_hazard,,Pick at least one thing its label warns of. A substance with none does not belong on this register.,בחרו לפחות דבר אחד שהתווית מזהירה ממנו. חומר בלי אף אחד אינו שייך לפנקס הזה.,اختر شيئًا واحدًا على الأقل يحذّر منه الملصق. المادة التي لا تحذير عليها لا مكان لها في هذا السجل.,,
hs_refused_kept_where,,Write where it is kept. It is the first thing asked when something goes wrong.,כתבו איפה הוא מאוחסן. זה הדבר הראשון שנשאל כשמשהו משתבש.,اكتب أين تُخزَّن. هذا أول ما يُسأل عنه حين يحدث خطأ.,,
hs_refused_sheet_future,,A data sheet cannot be dated after today.,גיליון בטיחות לא יכול להיות מתוארך אחרי היום.,لا يمكن أن تكون صحيفة البيانات مؤرخة بعد اليوم.,,
hs_refused_sheet_not_newer,,That sheet is not newer than the one on file.,הגיליון הזה אינו חדש יותר מזה שבתיק.,هذه الصحيفة ليست أحدث من التي في الملف.,,
hs_refused_removed,,It has been taken off the site; nothing more can be recorded against it.,הוא הוצא מהאתר; לא ניתן לרשום עליו דבר נוסף.,أُخرجت من الموقع؛ لا يمكن تسجيل شيء آخر عليها.,,
ex_col_off_site,Column heading: the day it left the site,Off site,מחוץ לאתר,خارج الموقع,,
search_kind_substance,Label on a search result,Hazardous substance,חומר מסוכן,مادة خطرة,,
at_complaints_waiting,"Line in 'Needs attention', followed by a count",Complaints unanswered for over a week,תלונות שלא נענו יותר משבוע,شكاوى بلا رد منذ أكثر من أسبوع,,
at_substances_no_sheet,"Line in 'Needs attention', followed by a count",Substances with no data sheet,חומרים בלי גיליון בטיחות,مواد بلا صحيفة بيانات سلامة,,
summary_fp_added,,"%1$s: fire point, %2$s",%1$s: עמדת כיבוי — %2$s,%1$s: نقطة إطفاء — %2$s,,
summary_fp_checked,,%1$s looked at: fine,%1$s נבדק: תקין,%1$s فُحصت: سليمة,,
summary_fp_fault,,%1$s looked at: %2$s,%1$s נבדק: %2$s,%1$s فُحصت: %2$s,,
summary_fp_removed,,%1$s taken away,%1$s הוסר,%1$s أُزيلت,,
summary_fp_serviced,,"%1$s serviced, next service %2$s","%1$s עבר טיפול, הטיפול הבא %2$s",%1$s خضعت للصيانة، الصيانة التالية %2$s,,
fp_title,"Screen title and job link: extinguishers, blankets, hose reels",Fire points,עמדות כיבוי אש,نقاط إطفاء الحريق,,
fp_row_hint,Hint under the job link,"The extinguishers and hose reels, the monthly look, and the service date","המטפים וגלגלוני הכיבוי, הבדיקה החודשית ותאריך הטיפול",طفايات الحريق وبكرات الخراطيم، والفحص الشهري، وتاريخ الصيانة,,
fp_empty,,No fire points recorded on this job.,לא נרשמו עמדות כיבוי בעבודה הזו.,لم تُسجَّل نقاط إطفاء في هذا المشروع.,,
fp_blurb,,"Record each extinguisher, fire blanket and hose reel: where it is, its tag, and the service date on its label. Once a month, look at each one and say whether it is fine. A fault, a service date passed or a month without a look is shown first.","רשמו כל מטף, שמיכת כיבוי וגלגלון: איפה הוא, מספר התג שלו ותאריך הטיפול שעל התווית. פעם בחודש בדקו כל אחד ורשמו אם הוא תקין. תקלה, תאריך טיפול שעבר או חודש בלי בדיקה מוצגים ראשונים.",سجّل كل طفاية وبطانية إطفاء وبكرة خرطوم: أين هي، ورقم بطاقتها، وتاريخ الصيانة على ملصقها. مرة في الشهر افحص كل واحدة وسجّل إن كانت سليمة. العطل أو تاريخ الصيانة الفائت أو شهر بلا فحص يظهر أولًا.,,
fp_add,,Add a fire point,הוספת עמדת כיבוי,إضافة نقطة إطفاء,,
fp_save,Button,Save,שמירה,حفظ,,
fp_kind,"Heading over the kind chips, and a column heading",Kind,סוג,النوع,,
fp_kind_powder,,Powder extinguisher,מטף אבקה,طفاية مسحوق,,
fp_kind_co2,,CO₂ extinguisher,מטף CO₂,طفاية CO₂,,
fp_kind_foam,,Foam extinguisher,מטף קצף,طفاية رغوة,,
fp_kind_water,,Water extinguisher,מטף מים,طفاية ماء,,
fp_kind_blanket,,Fire blanket,שמיכת כיבוי,بطانية إطفاء,,
fp_kind_hose_reel,,Hose reel,גלגלון כיבוי,بكرة خرطوم,,
fp_location,"Field label, and a column heading",Where it is,איפה הוא,أين هي,,
fp_location_hint,,"By the stair on level 2, outside the site office, in the welding bay","ליד המדרגות בקומה 2, מחוץ למשרד האתר, באזור הריתוך",عند الدرج في الطابق 2، خارج مكتب الموقع، في منطقة اللحام,,
fp_tag,"Field label, and a column heading",Tag number,מספר תג,رقم البطاقة,,
fp_tag_is,%1$s is the tag number,Tag %1$s,תג %1$s,بطاقة %1$s,,
fp_service_label,,Service date on its label,תאריך הטיפול שעל התווית,تاريخ الصيانة على الملصق,,
fp_service_pick,Button that opens a calendar,Pick the date on the label,בחירת התאריך שעל התווית,اختيار التاريخ على الملصق,,
fp_service_question,Title of the calendar,When is its next service due?,מתי הטיפול הבא?,متى موعد الصيانة التالية؟,,
fp_next_service_question,Title of the calendar,What is the next service date on the new label?,מה תאריך הטיפול הבא שעל התווית החדשה?,ما تاريخ الصيانة التالية على الملصق الجديد؟,,
fp_service_due,%1$s is a date,Service due %1$s,טיפול עד %1$s,الصيانة مستحقة %1$s,,
fp_no_service_date,,No service date recorded,לא נרשם תאריך טיפול,لم يُسجَّل تاريخ صيانة,,
fp_looked_fine,Button: record a monthly look that found it fine,Looked at: fine,נבדק: תקין,فُحصت: سليمة,,
fp_found_fault,Button and dialog title,Found a fault,נמצאה תקלה,وُجد عطل,,
fp_fault_what,,What is wrong,מה לא תקין,ما الخلل,,
fp_fault_hint,,"Gauge in the red, pin missing, blocked, gone, used","מד בתחום האדום, נצרה חסרה, חסום, נעלם, בשימוש",المؤشر في الأحمر، المسمار مفقود، مسدودة، مفقودة، مستعملة,,
fp_record_fault,Button,Record the fault,רישום התקלה,تسجيل العطل,,
fp_fine,Result of one look,Fine,תקין,سليمة,,
fp_fault,Result of one look,Fault,תקלה,عطل,,
fp_looks,"Heading over the list of monthly looks, and a CSV column",Looks,בדיקות,الفحوصات,,
fp_serviced,Button,Serviced: new label date,עבר טיפול: תאריך חדש על התווית,خضعت للصيانة: تاريخ جديد على الملصق,,
fp_remove,Button,Taken away,הוסר,أُزيلت,,
fp_remove_question,"%1$s is the reference, e.g. FP-003",Has %1$s been taken away?,האם %1$s הוסר?,هل أُزيلت %1$s؟,,
fp_remove_body,,"It stays on the register with its looks, marked off with today's date.","הוא נשאר בפנקס עם הבדיקות שלו, מסומן בתאריך של היום.",تبقى في السجل مع فحوصاتها، مؤشَّرًا عليها بتاريخ اليوم.,,
fp_added_by,"%1$s is a date, %2$s a name",Added %1$s by %2$s,נוסף ב־%1$s על ידי %2$s,أُضيفت في %1$s بواسطة %2$s,,
fp_state_fault,%1$s is what was wrong,Fault: %1$s,תקלה: %1$s,عطل: %1$s,,
fp_state_service_overdue,%1$s is a date,Service was due %1$s,הטיפול היה אמור להתבצע עד %1$s,كانت الصيانة مستحقة في %1$s,,
fp_state_never_checked,,Never looked at,לא נבדק מעולם,لم تُفحص قط,,
fp_state_check_overdue,%1$s is a date,Not looked at since %1$s,לא נבדק מאז %1$s,لم تُفحص منذ %1$s,,
fp_state_service_soon,%1$s is a date,Service due %1$s: book the technician,טיפול עד %1$s: הזמינו טכנאי,الصيانة مستحقة %1$s: احجز الفني,,
fp_state_ready,%1$s is a date,Fine when looked at on %1$s,תקין בבדיקה ב־%1$s,سليمة عند فحصها في %1$s,,
fp_state_removed,%1$s is a date,Taken away %1$s,הוסר ב־%1$s,أُزيلت في %1$s,,
fp_refused_not_allowed,,Your role cannot change the fire points register.,התפקיד שלך אינו מאפשר לשנות את פנקס עמדות הכיבוי.,دورك لا يسمح بتغيير سجل نقاط الإطفاء.,,
fp_refused_location,,Write where it is. Somebody has to find it in smoke.,כתבו איפה הוא. מישהו יצטרך למצוא אותו בעשן.,اكتب أين هي. سيحتاج أحد إلى إيجادها وسط الدخان.,,
fp_refused_service_past,,The service date on the label has to be ahead of today.,תאריך הטיפול שעל התווית צריך להיות אחרי היום.,يجب أن يكون تاريخ الصيانة على الملصق بعد اليوم.,,
fp_refused_fault_note,,"Write what is wrong, so whoever puts it right knows.","כתבו מה לא תקין, כדי שמי שיתקן ידע.",اكتب ما الخلل، ليعرف من سيصلحه.,,
fp_refused_removed,,It has been taken away; nothing more can be recorded against it.,הוא הוסר; לא ניתן לרשום עליו דבר נוסף.,أُزيلت؛ لا يمكن تسجيل شيء آخر عليها.,,
ex_col_service_due,Column heading,Service due,טיפול עד,الصيانة مستحقة,,
ex_col_last_look,Column heading,Last looked at,נבדק לאחרונה,آخر فحص,,
ex_col_result,Column heading,Result,תוצאה,النتيجة,,
ex_col_by,Column heading: who did it,By,על ידי,بواسطة,,
ex_overdue,Added after a date that has passed,overdue,באיחור,متأخرة,,
search_kind_fire_point,Label on a search result,Fire point,עמדת כיבוי,نقطة إطفاء,,
at_fire_points,"Line in 'Needs attention', followed by a count",Fire points with a fault or overdue,עמדות כיבוי עם תקלה או באיחור,نقاط إطفاء بها عطل أو متأخرة,,
fp_looks_more,Under the newest looks at one fire point (a count: one form per number),one: and %d earlier look | other: and %d earlier looks,one: ועוד בדיקה קודמת אחת | two: ועוד שתי בדיקות קודמות | many: ועוד %d בדיקות קודמות | other: ועוד %d בדיקות קודמות,zero: ولا فحوصات سابقة | one: وفحص سابق واحد | two: وفحصان سابقان | few: و%d فحوصات سابقة | many: و%d فحصًا سابقًا | other: و%d فحص سابق,,
summary_es_saved,,Emergency information saved (%1$s essentials still missing),מידע לשעת חירום נשמר (%1$s פרטים חיוניים עדיין חסרים),حُفظت معلومات الطوارئ (%1$s بيانات أساسية لا تزال ناقصة),,
es_title,Screen title and job link,Emergency information,מידע לשעת חירום,معلومات الطوارئ,,
es_row_hint,Hint under the job link,"The numbers, the hospital, where to gather, who knows first aid","המספרים, בית החולים, נקודת האיסוף, מי יודע עזרה ראשונה",الأرقام، المستشفى، مكان التجمّع، من يعرف الإسعاف الأولي,,
es_edit,,Edit the emergency information,עריכת המידע לשעת חירום,تعديل معلومات الطوارئ,,
es_address,Heading: the site address to tell the ambulance,The address to give,הכתובת למסור,العنوان الذي يُعطى,,
es_no_address,,No address recorded for this job. Add it on the job page.,לא נרשמה כתובת לעבודה הזו. הוסיפו אותה בדף העבודה.,لم يُسجَّل عنوان لهذا المشروع. أضفه في صفحة المشروع.,,
es_hospital,"Heading, and an item in the list of what is missing",Nearest hospital,בית החולים הקרוב,أقرب مستشفى,,
es_hospital_name,Field label,Nearest hospital or emergency room,בית החולים או חדר המיון הקרוב,أقرب مستشفى أو غرفة طوارئ,,
es_hospital_hint,,"The one with an emergency room, not only the nearest clinic","זה שיש בו חדר מיון, לא רק המרפאה הקרובה",الذي فيه غرفة طوارئ، لا أقرب عيادة فقط,,
es_hospital_address,Field label,Its address,הכתובת שלו,عنوانه,,
es_hospital_phone,Field label,Its phone number,מספר הטלפון שלו,رقم هاتفه,,
es_assembly_point,"Heading, field label, and an item in the list of what is missing",Assembly point,נקודת איסוף,نقطة التجمّع,,
es_assembly_hint,,Where everybody gathers to be counted: the car park by the gate,איפה כולם מתאספים לספירה: החניה ליד השער,أين يتجمّع الجميع للعدّ: موقف السيارات عند البوابة,,
es_first_aiders,"Heading, field label, and an item in the list of what is missing",First aiders,מגישי עזרה ראשונה,المسعفون,,
es_first_aiders_hint,,"Their names as they would be shouted, and where they usually are","השמות שלהם כפי שיקראו להם בצעקה, ואיפה הם בדרך כלל",أسماؤهم كما يُنادى عليهم، وأين يكونون عادةً,,
es_site_contact,"Heading, and an item in the list of what is missing",Who to ring on site,למי להתקשר באתר,بمن يُتّصل في الموقع,,
es_site_contact_name,Field label: the person to ring on site,Name,שם,الاسم,,
es_site_contact_phone,Field label,Phone number on site,מספר טלפון באתר,رقم الهاتف في الموقع,,
es_electricity,Heading and field label: where the main switch is,Electricity is turned off at,החשמל מנותק ב,تُفصل الكهرباء من,,
es_water,Heading and field label,Water is turned off at,המים נסגרים ב,يُقطع الماء من,,
es_gas,Heading and field label,Gas is turned off at,הגז נסגר ב,يُغلق الغاز من,,
es_notes,Heading and field label,Anything else,משהו נוסף,أي شيء آخر,,
es_not_recorded,,Not recorded,לא נרשם,غير مسجّل,,
es_missing,"%1$s is a list such as ""Nearest hospital, First aiders""",Still missing: %1$s,עדיין חסר: %1$s,لا يزال ناقصًا: %1$s,,
es_missing_hint_writer,,Fill these in and print the sheet for the site office and the gate.,מלאו את אלה והדפיסו את הדף למשרד האתר ולשער.,املأ هذه واطبع الورقة لمكتب الموقع والبوابة.,,
es_missing_hint_reader,,Ask the safety officer or the site manager to fill these in.,בקשו מממונה הבטיחות או ממנהל העבודה למלא את אלה.,اطلب من مسؤول السلامة أو مدير الموقع ملء هذه.,,
es_updated,"%1$s is a date, %2$s a name",Updated %1$s by %2$s,עודכן ב־%1$s על ידי %2$s,حُدّث في %1$s بواسطة %2$s,,
es_col_what,Column heading on the printed sheet,What,מה,ماذا,,
es_col_detail,Column heading on the printed sheet,Details,פרטים,التفاصيل,,
es_refused_not_allowed,,Your role cannot change the emergency information.,התפקיד שלך אינו מאפשר לשנות את המידע לשעת חירום.,دورك لا يسمح بتغيير معلومات الطوارئ.,,
es_refused_phone,,"A phone number can only have digits, spaces, dashes and a leading +.","מספר טלפון יכול לכלול רק ספרות, רווחים, מקפים ו־+ בהתחלה.",يمكن أن يحتوي رقم الهاتف على أرقام ومسافات وشرطات و+ في أوله فقط.,,
at_emergency_missing,"Line in 'Needs attention', followed by how many essentials are missing",Emergency information still missing,מידע לשעת חירום שעדיין חסר,معلومات طوارئ لا تزال ناقصة,,
summary_mt_action_closed,,%1$s closed,%1$s נסגר,%1$s أُغلقت,,
summary_mt_action_raised,,"%1$s agreed, for %2$s","%1$s סוכם, באחריות %2$s",%1$s اتُّفق عليها، على مسؤولية %2$s,,
summary_mt_recorded,,%1$s: meeting of %2$s minuted,%1$s: פרוטוקול ישיבה מתאריך %2$s,%1$s: محضر اجتماع بتاريخ %2$s,,
mt_title,Screen title and job link,Meetings,ישיבות,الاجتماعات,,
mt_row_hint,Hint under the job link,"What the site meetings agreed, and what is still not done","מה סוכם בישיבות האתר, ומה עדיין לא בוצע",ما اتُّفق عليه في اجتماعات الموقع، وما لم يُنجز بعد,,
mt_empty,,No meetings minuted on this job.,לא נרשמו פרוטוקולים של ישיבות בעבודה הזו.,لم تُسجَّل محاضر اجتماعات في هذا المشروع.,,
mt_blurb,,"After the coordination meeting, the progress meeting with the client or the safety committee, write down who was there and each point agreed, with who does it and by when. A point stays open from meeting to meeting until somebody closes it with what was done.","אחרי ישיבת התיאום, ישיבת ההתקדמות עם המזמין או ועדת הבטיחות, רשמו מי השתתף וכל נקודה שסוכמה, מי מבצע ועד מתי. נקודה נשארת פתוחה מישיבה לישיבה עד שמישהו סוגר אותה עם מה שנעשה.",بعد اجتماع التنسيق أو اجتماع التقدّم مع صاحب العمل أو لجنة السلامة، سجّل من حضر وكل نقطة اتُّفق عليها، ومن ينفّذها ومتى. تبقى النقطة مفتوحة من اجتماع إلى آخر حتى يغلقها أحد بما أُنجز.,,
mt_record,,Minute a meeting,רישום פרוטוקול ישיבה,تسجيل محضر اجتماع,,
mt_save,Button,Save,שמירה,حفظ,,
mt_meetings,Section header,Meetings,ישיבות,الاجتماعات,,
mt_kind,,Kind of meeting,סוג הישיבה,نوع الاجتماع,,
mt_kind_coordination,,Coordination,תיאום,تنسيق,,
mt_kind_progress,,"Progress, with the client","התקדמות, עם המזמין",تقدّم، مع صاحب العمل,,
mt_kind_safety,,Safety committee,ועדת בטיחות,لجنة السلامة,,
mt_kind_design,,Design,תכנון,تصميم,,
mt_kind_other,,Other,אחר,أخرى,,
mt_held,,When it was held,מתי התקיימה,متى عُقد,,
mt_today,,Today,היום,اليوم,,
mt_a_week_ago,,A week ago,לפני שבוע,قبل أسبوع,,
mt_attendees,Field label and heading,Who was there,מי השתתף,من حضر,,
mt_attendees_hint,,"As the minutes would list them: the site manager, Cohen Electric, the architect","כפי שיופיעו בפרוטוקול: מנהל העבודה, כהן חשמל, האדריכל",كما سترد في المحضر: مدير الموقع، كهرباء كوهين، المهندس المعماري,,
mt_no_attendees,,Attendance not recorded,הנוכחות לא נרשמה,لم يُسجَّل الحضور,,
mt_notes,Field label and heading,What was said,מה נאמר,ما قيل,,
mt_minuted_by,%1$s is a name,Minuted by %1$s,נרשם על ידי %1$s,سجّله %1$s,,
mt_points,Heading,Points agreed,נקודות שסוכמו,النقاط المتفق عليها,,
mt_no_points,,No points recorded at this meeting yet.,עדיין לא נרשמו נקודות בישיבה הזו.,لم تُسجَّل نقاط في هذا الاجتماع بعد.,,
mt_raise,Button and dialog title,Add a point agreed,הוספת נקודה שסוכמה,إضافة نقطة متفق عليها,,
mt_point_what,Field label and column heading: the point agreed,What,מה,ماذا,,
mt_point_who,Field label and column heading: who does it,Who,מי,من,,
mt_point_who_hint,,A person or a firm,אדם או חברה,شخص أو شركة,,
mt_point_when,Heading and column heading,By when,עד מתי,حتى متى,,
mt_in_3_days,,In 3 days,בעוד 3 ימים,خلال 3 أيام,,
mt_in_a_week,,In a week,בעוד שבוע,خلال أسبوع,,
mt_in_2_weeks,,In two weeks,בעוד שבועיים,خلال أسبوعين,,
mt_no_date,,No date set,לא נקבע תאריך,لم يُحدَّد موعد,,
mt_due,%1$s is a date,Due %1$s,עד %1$s,مستحقة %1$s,,
mt_overdue,%1$s is a date,Was due %1$s,היה אמור להתבצע עד %1$s,كانت مستحقة %1$s,,
mt_done_on,%1$s is a date,Done %1$s,בוצע ב־%1$s,أُنجزت %1$s,,
mt_what_was_done,"Field label, heading and column heading",What was done,מה נעשה,ما الذي أُنجز,,
mt_what_was_done_hint,,"So the next meeting knows: ""Drawing rev C received on the 9th""","כדי שהישיבה הבאה תדע: ""תוכנית גרסה C התקבלה ב־9 לחודש""","لكي يعرف الاجتماع القادم: ""استُلم المخطط النسخة C في التاسع""",,
mt_close_point,Button,Close the point,סגירת הנקודה,إغلاق النقطة,,
mt_close_question,"%1$s is a point reference, e.g. MT-004/2",Close %1$s?,לסגור את %1$s?,إغلاق %1$s؟,,
mt_closed_by,%1$s is a name,Closed by %1$s,נסגר על ידי %1$s,أغلقها %1$s,,
mt_refused_not_allowed,,Your role cannot change the meetings.,התפקיד שלך אינו מאפשר לשנות את הישיבות.,دورك لا يسمح بتغيير الاجتماعات.,,
mt_refused_future,,"Minutes are written after a meeting, not before it.","פרוטוקול נרשם אחרי הישיבה, לא לפניה.",يُكتب المحضر بعد الاجتماع، لا قبله.,,
mt_refused_blank,,Write what was agreed.,כתבו מה סוכם.,اكتب ما اتُّفق عليه.,,
mt_refused_due,,A point cannot be due before the meeting that agreed it.,נקודה לא יכולה להיות מתוזמנת לפני הישיבה שבה סוכמה.,لا يمكن أن تستحق النقطة قبل الاجتماع الذي اتفق عليها.,,
mt_refused_note,,"Write what was done, so the next meeting knows.","כתבו מה נעשה, כדי שהישיבה הבאה תדע.",اكتب ما أُنجز، ليعرف الاجتماع القادم.,,
mt_refused_closed,,That point is already closed.,הנקודה הזו כבר נסגרה.,هذه النقطة مغلقة بالفعل.,,
ex_col_meeting,Column heading,Meeting,ישיבה,الاجتماع,,
search_kind_meeting_point,Label on a search result,Meeting point,נקודה מישיבה,نقطة من اجتماع,,
at_meeting_points,"Line in 'Needs attention', followed by a count",Meeting points overdue,נקודות מישיבות באיחור,نقاط اجتماعات متأخرة,,
mt_points_open,Header over the points still open on a job (a count: one form per number),one: %d point still open | other: %d points still open,one: נקודה אחת עדיין פתוחה | two: שתי נקודות עדיין פתוחות | many: %d נקודות עדיין פתוחות | other: %d נקודות עדיין פתוחות,zero: لا نقاط مفتوحة | one: نقطة واحدة لا تزال مفتوحة | two: نقطتان لا تزالان مفتوحتين | few: %d نقاط لا تزال مفتوحة | many: %d نقطة لا تزال مفتوحة | other: %d نقطة لا تزال مفتوحة,,
mt_points_of_meeting,"Under a meeting: %1$d points raised, %2$d of them still open (a count: one form per number)","one: %1$d point, %2$d still open | other: %1$d points, %2$d still open","one: נקודה אחת, %2$d עדיין פתוחות | two: שתי נקודות, %2$d עדיין פתוחות | many: %1$d נקודות, %2$d עדיין פתוחות | other: %1$d נקודות, %2$d עדיין פתוחות",zero: لا نقاط | one: نقطة واحدة، %2$d لا تزال مفتوحة | two: نقطتان، %2$d لا تزال مفتوحة | few: %1$d نقاط، %2$d لا تزال مفتوحة | many: %1$d نقطة، %2$d لا تزال مفتوحة | other: %1$d نقطة، %2$d لا تزال مفتوحة,,
log_complaints,"Daily log row, followed by a count",Complaints received,תלונות שהתקבלו,شكاوى وردت,,
log_fire_faults,"Daily log row, followed by a count",Fire point faults found,תקלות שנמצאו בעמדות כיבוי,أعطال وُجدت في نقاط الإطفاء,,
home_jobs_attention,Home section header: jobs with something going wrong,Jobs needing attention,עבודות שדורשות תשומת לב,مشاريع تحتاج إلى متابعة,,
home_more_lines,After the first line of what needs attention on a job: how many more lines there are (a count: one form per number),one: %d more | other: %d more,one: ועוד אחד | two: ועוד שניים | many: ועוד %d | other: ועוד %d,zero: لا شيء آخر | one: وواحد آخر | two: واثنان آخران | few: و%d أخرى | many: و%d أخرى | other: و%d أخرى,,
ws_title,Screen title and job link,Weekly safety report,דוח בטיחות שבועי,تقرير السلامة الأسبوعي,,
ws_row_hint,Hint under the job link,"The week counted from the registers, for the safety officer to sign","השבוע כפי שנספר מהפנקסים, לחתימת ממונה הבטיחות",الأسبوع كما عُدّ من السجلات، ليوقّعه مسؤول السلامة,,
ws_this_week,,This week,השבוע,هذا الأسبوع,,
ws_last_week,,Last week,שבוע שעבר,الأسبوع الماضي,,
ws_2_weeks_ago,,Two weeks ago,לפני שבועיים,قبل أسبوعين,,
ws_3_weeks_ago,,Three weeks ago,לפני שלושה שבועות,قبل ثلاثة أسابيع,,
ws_week_of,%1$s and %2$s are dates,Sunday %1$s to Saturday %2$s,יום ראשון %1$s עד שבת %2$s,من الأحد %1$s إلى السبت %2$s,,
ws_counting,,Counting…,סופר…,جارٍ العدّ…,,
ws_nothing_wrong,,"No incident, violation, failed inspection or fire point fault recorded this week.","השבוע לא נרשמו אירוע, הפרה, בדיקה שנכשלה או תקלה בעמדת כיבוי.",لم يُسجَّل هذا الأسبوع حادث أو مخالفة أو فحص فاشل أو عطل في نقطة إطفاء.,,
ws_people,"Report line, followed by a count",People with a shift on the job,אנשים שעבדו משמרת בעבודה,أشخاص عملوا نوبة في المشروع,,
ws_visitors,"Report line, followed by a count",Visitors signed in,מבקרים שנרשמו,زوار سُجّلوا,,
ws_talks,"Report line, followed by a count",Toolbox talks held,תדריכי בטיחות שהתקיימו,إحاطات سلامة عُقدت,,
ws_permits,"Report line, followed by a count",Permits to work issued,היתרי עבודה שהונפקו,تصاريح عمل صدرت,,
ws_near_misses,"Report line, followed by a count",Near misses reported,כמעט תאונות שדווחו,حوادث وشيكة بُلّغ عنها,,
ws_incidents,"Report line, followed by a count",Incidents with harm or damage,אירועים עם פגיעה או נזק,حوادث فيها أذى أو ضرر,,
ws_violations,"Report line, followed by a count",Safety violations recorded,הפרות בטיחות שנרשמו,مخالفات سلامة سُجّلت,,
ws_inspections_passed,"Report line, followed by a count",Inspections passed,בדיקות שעברו,فحوصات نجحت,,
ws_inspections_failed,"Report line, followed by a count",Inspections failed,בדיקות שנכשלו,فحوصات فشلت,,
ws_fire_faults,"Report line, followed by a count",Fire point faults found,תקלות שנמצאו בעמדות כיבוי,أعطال وُجدت في نقاط الإطفاء,,
ws_complaints,"Report line, followed by a count",Complaints received,תלונות שהתקבלו,شكاوى وردت,,
ws_open_now,"Section header, and a prefix on printed lines",Still open now,עדיין פתוח עכשיו,لا يزال مفتوحًا الآن,,
ws_nothing_open,,Nothing on the job is waiting on anybody.,שום דבר בעבודה לא ממתין לאף אחד.,لا شيء في المشروع ينتظر أحدًا.,,
ws_counted_hint,,Every figure is counted from what was recorded in the registers. What was not written down is not here.,כל מספר נספר ממה שנרשם בפנקסים. מה שלא נרשם אינו מופיע כאן.,كل رقم معدود مما سُجّل في السجلات. وما لم يُكتب ليس هنا.,,
ws_col_count,Column heading,Count,מספר,العدد,,
hv_substances,Handover pack row,Hazardous substances still on the site,חומרים מסוכנים שעדיין באתר,مواد خطرة لا تزال في الموقع,,
hv_risks_open,Handover pack row,Risks assessed and not yet closed,סיכונים שהוערכו ועדיין לא נסגרו,مخاطر قُيّمت ولم تُغلق بعد,,
hv_complaints,Handover pack row,Complaints with no answer written,תלונות שלא נרשמה להן תשובה,شكاوى لم يُكتب لها رد,,
hv_meeting_points,Handover pack row,Meeting points still open,נקודות מישיבות שעדיין פתוחות,نقاط اجتماعات لا تزال مفتوحة,,
plant_service_hint,Under the next service date field,"Day, month, year: 31.03.2026. Leave empty if it has no service date.","יום, חודש, שנה: 31.03.2026. השאירו ריק אם אין תאריך טיפול.",يوم، شهر، سنة: 31.03.2026. اتركه فارغًا إن لم يكن له موعد صيانة.,,
summary_jc_added,,%1$s added to the job's contacts,%1$s נוסף לאנשי הקשר של העבודה,أُضيف %1$s إلى جهات اتصال المشروع,,
summary_jc_corrected,,Contact details of %1$s corrected,פרטי הקשר של %1$s תוקנו,صُحّحت بيانات الاتصال لـ %1$s,,
summary_jc_removed,,%1$s no longer on the job,%1$s כבר לא בעבודה,%1$s لم يعد في المشروع,,
jc_title,Screen title and job link: who is who on the job from outside the firm,Contacts,אנשי קשר,جهات الاتصال,,
jc_row_hint,Hint under the job link,"The client, the supervisor, the designers, the municipality, the subcontractors","המזמין, המפקח, המתכננים, העירייה, קבלני המשנה",صاحب العمل، المشرف، المصممون، البلدية، المقاولون الفرعيون,,
jc_empty,,No contacts recorded on this job.,לא נרשמו אנשי קשר בעבודה הזו.,لم تُسجَّل جهات اتصال في هذا المشروع.,,
jc_blurb,,"Write down who is who from outside the firm — the client, the supervisor, the architect and engineers, the municipality's inspector, the subcontractors and suppliers — with a number or an address to reach each of them.","רשמו מי הוא מי מחוץ לחברה — המזמין, המפקח, האדריכל והמהנדסים, פקח העירייה, קבלני המשנה והספקים — עם מספר או כתובת כדי להשיג כל אחד מהם.",سجّل من هو من خارج الشركة — صاحب العمل، المشرف، المهندس المعماري والمهندسون، مفتش البلدية، المقاولون الفرعيون والمورّدون — مع رقم أو عنوان للتواصل مع كل منهم.,,
jc_add,,Add a contact,הוספת איש קשר,إضافة جهة اتصال,,
jc_correct,Button and dialog title,Correct the details,תיקון הפרטים,تصحيح البيانات,,
jc_remove,Button,No longer on the job,כבר לא בעבודה,لم يعد في المشروع,,
jc_remove_question,%1$s is a name,Is %1$s no longer on the job?,האם %1$s כבר לא בעבודה?,هل لم يعد %1$s في المشروع؟,,
jc_remove_body,,"They stay in the list, marked as having left, and out of the printed directory.","הם נשארים ברשימה, מסומנים כמי שעזבו, ומחוץ לרשימה המודפסת.",يبقون في القائمة مؤشَّرًا عليهم بأنهم غادروا، وخارج الدليل المطبوع.,,
jc_left_the_job,Under a contact who has left,No longer on the job,כבר לא בעבודה,لم يعد في المشروع,,
jc_call,Accessibility label of the call button; %1$s is a name,Call %1$s,התקשרות אל %1$s,الاتصال بـ %1$s,,
jc_nothing_to_open,,This device has nothing to call or write with.,אין במכשיר הזה אפליקציה לחיוג או לשליחת דואר.,لا يوجد على هذا الجهاز ما يُتصل أو يُراسَل به.,,
jc_kind,"Heading over the kind chips, and a column heading",What they are on the job,תפקידם בעבודה,صفتهم في المشروع,,
jc_name,Field label and column heading,Name,שם,الاسم,,
jc_organisation,Field label and column heading,Firm or office,חברה או משרד,الشركة أو المكتب,,
jc_phone,Field label and column heading,Phone,טלפון,الهاتف,,
jc_email,Field label and column heading,Email,דוא״ל,البريد الإلكتروني,,
jc_reach_hint,,"A phone number or an email, at least one.","מספר טלפון או דוא״ל, לפחות אחד מהם.",رقم هاتف أو بريد إلكتروني، واحد على الأقل.,,
jc_notes,Field label and column heading,Notes,הערות,ملاحظات,,
jc_notes_hint,,"Best times to ring, who to ask for, the office address","השעות הטובות להתקשר, את מי לבקש, כתובת המשרד",أفضل أوقات الاتصال، من يُطلب، عنوان المكتب,,
jc_kind_client,What a contact is on the job,Client,מזמין,صاحب العمل,,
jc_kind_supervisor,What a contact is on the job,Supervisor,מפקח,المشرف,,
jc_kind_architect,What a contact is on the job,Architect,אדריכל,المهندس المعماري,,
jc_kind_structural,What a contact is on the job,Structural engineer,מהנדס קונסטרוקציה,مهندس إنشائي,,
jc_kind_engineer,What a contact is on the job,Other engineer or consultant,מהנדס או יועץ אחר,مهندس أو مستشار آخر,,
jc_kind_safety,What a contact is on the job,Safety consultant,יועץ בטיחות,مستشار السلامة,,
jc_kind_municipality,What a contact is on the job,Municipality,עירייה,البلدية,,
jc_kind_subcontractor,What a contact is on the job,Subcontractor,קבלן משנה,مقاول فرعي,,
jc_kind_supplier,What a contact is on the job,Supplier,ספק,مورّد,,
jc_kind_other,What a contact is on the job,Other,אחר,أخرى,,
jc_refused_not_allowed,,Your role cannot change the job's contacts.,התפקיד שלך אינו מאפשר לשנות את אנשי הקשר של העבודה.,دورك لا يسمح بتغيير جهات اتصال المشروع.,,
jc_refused_name,,Write their name.,כתבו את השם.,اكتب الاسم.,,
jc_refused_reach,,Give a phone number or an email: a contact nobody can reach is not one.,הזינו מספר טלפון או דוא״ל: איש קשר שאי אפשר להשיג אינו איש קשר.,أدخل رقم هاتف أو بريدًا إلكترونيًا: جهة اتصال لا يمكن الوصول إليها ليست جهة اتصال.,,
jc_refused_email,,That does not look like an email address.,זו לא נראית כתובת דוא״ל.,لا يبدو هذا عنوان بريد إلكتروني.,,
jc_refused_removed,,They have left the job; their entry is kept as it was.,הם עזבו את העבודה; הרשומה שלהם נשמרת כפי שהייתה.,غادروا المشروع؛ يبقى سجلّهم كما كان.,,
search_kind_contact,Label on a search result,Contact,איש קשר,جهة اتصال,,
sst_title,Screen title and Safety tab card,Safety statistics,סטטיסטיקת בטיחות,إحصاءات السلامة,,
sst_blurb,"What the page is for, on the Safety tab card","Injuries per million hours worked, across every job, for any period. Prints for a tender or a client's audit.","פגיעות למיליון שעות עבודה, בכל העבודות, לכל תקופה. מודפס למכרז או לביקורת של לקוח.",الإصابات لكل مليون ساعة عمل، في جميع الأعمال، لأي فترة. يُطبع لمناقصة أو لتدقيق العميل.,,
sst_this_month,Period chip,This month,החודש,هذا الشهر,,
sst_last_month,Period chip,Last month,החודש שעבר,الشهر الماضي,,
sst_this_quarter,Period chip,This quarter,הרבעון הנוכחי,هذا الربع,,
sst_this_year,Period chip,This year,השנה,هذه السنة,,
sst_last_12_months,Period chip,Last 12 months,12 החודשים האחרונים,آخر 12 شهرًا,,
sst_span,"%1$s and %2$s are dates, the first and last day counted",%1$s to %2$s,%1$s עד %2$s,من %1$s إلى %2$s,,
sst_not_allowed,,"Your role does not see the site's safety record, so nothing is counted here.","התפקיד שלך אינו רואה את רישומי הבטיחות של האתר, ולכן לא נספר כאן דבר.",دورك لا يطّلع على سجل السلامة في الموقع، لذلك لا يُحسب هنا شيء.,,
sst_hours,Figure label and column heading,Hours worked,שעות עבודה,ساعات العمل,,
sst_shifts,Figure label and column heading: finished shifts counted,Shifts,משמרות,الورديات,,
sst_injuries,Figure label: every incident that is not a near miss,"Injuries, all kinds","פגיעות, מכל הסוגים",الإصابات بجميع أنواعها,,
sst_minor,Figure label and column heading,Minor (first aid),קלות (עזרה ראשונה),طفيفة (إسعاف أولي),,
sst_serious,Figure label and column heading,Serious (hospital or time off),קשות (בית חולים או היעדרות),خطيرة (مستشفى أو غياب عن العمل),,
sst_fatal,Figure label and column heading,Deaths,מקרי מוות,الوفيات,,
sst_injury_rate,Figure label and column heading,Injuries per million hours,פגיעות למיליון שעות,الإصابات لكل مليون ساعة,,
sst_serious_rate,Figure label and column heading,Serious injuries and deaths per million hours,פגיעות קשות ומקרי מוות למיליון שעות,الإصابات الخطيرة والوفيات لكل مليون ساعة,,
sst_near_miss_ratio,Figure label,Near misses reported per injury,כמעט תאונות שדווחו לכל פגיעה,الحوادث الوشيكة المُبلّغ عنها لكل إصابة,,
sst_days_since,"Figure label, followed by a number of days",Days since the last serious injury,ימים מאז הפגיעה הקשה האחרונה,أيام منذ آخر إصابة خطيرة,,
sst_none_recorded,"In place of a number of days, when there has never been one",None recorded,לא נרשמה,لم تُسجَّل,,
sst_by_job,Section heading,Job by job,לפי עבודה,حسب العمل,,
sst_nothing,,"No hours, incidents, violations or talks were recorded on any job in this period.","בתקופה זו לא נרשמו שעות, אירועים, הפרות או תדריכים באף עבודה.",لم تُسجَّل في هذه الفترة ساعات أو حوادث أو مخالفات أو إحاطات في أي عمل.,,
sst_row_line,"One job's figures: %1$s hours, %2$s injuries, %3$s the rate, %4$s near misses",Hours %1$s · Injuries %2$s · Per million hours %3$s · Near misses %4$s,שעות %1$s · פגיעות %2$s · למיליון שעות %3$s · כמעט תאונות %4$s,الساعات %1$s · الإصابات %2$s · لكل مليون ساعة %3$s · حوادث وشيكة %4$s,,
sst_no_hours,"In place of a rate, when no hours were recorded",no hours,אין שעות,لا ساعات,,
sst_how,Footnote under the figures,"A rate is the injuries counted, times a million, divided by the hours worked. Hours come from check-ins and check-outs; a shift still open is not counted yet. This is a common industry measure, not a definition from any regulation, and it counts only what was recorded in the app.","שיעור הוא מספר הפגיעות כפול מיליון, חלקי שעות העבודה. השעות נלקחות מהכניסות והיציאות; משמרת שעדיין פתוחה אינה נספרת עדיין. זהו מדד מקובל בענף, לא הגדרה מתוך תקנה כלשהי, והוא סופר רק את מה שנרשם באפליקציה.",المعدل هو عدد الإصابات مضروبًا في مليون، مقسومًا على ساعات العمل. تُؤخذ الساعات من تسجيلات الدخول والخروج؛ والوردية التي لم تُغلق بعد لا تُحسب. هذا مقياس شائع في القطاع، وليس تعريفًا من أي نظام، ولا يحسب إلا ما سُجّل في التطبيق.,,
sst_col_job,Column heading on the printed sheet,Job,עבודה,العمل,,
sst_total,The totals row on the printed sheet,All jobs,כל העבודות,جميع الأعمال,,
sst_capped,"Under the figures, when shifts were counted short (a count: one form per number)",one: %d shift ran past 16 hours and is counted as 16: probably somebody forgot to check out. | other: %d shifts ran past 16 hours and are counted as 16 each: probably somebody forgot to check out.,one: משמרת אחת נמשכה יותר מ-16 שעות ונספרת כ-16: כנראה שמישהו שכח לצאת. | two: שתי משמרות נמשכו יותר מ-16 שעות ונספרות כ-16 כל אחת: כנראה שמישהו שכח לצאת. | many: %d משמרות נמשכו יותר מ-16 שעות ונספרות כ-16 כל אחת: כנראה שמישהו שכח לצאת. | other: %d משמרות נמשכו יותר מ-16 שעות ונספרות כ-16 כל אחת: כנראה שמישהו שכח לצאת.,zero: لم تتجاوز أي وردية 16 ساعة. | one: وردية واحدة تجاوزت 16 ساعة وتُحسب 16 ساعة: على الأرجح نسي أحدهم تسجيل الخروج. | two: ورديتان تجاوزتا 16 ساعة وتُحسب كل منهما 16 ساعة: على الأرجح نسي أحدهم تسجيل الخروج. | few: %d ورديات تجاوزت 16 ساعة وتُحسب كل منها 16 ساعة: على الأرجح نسي أحدهم تسجيل الخروج. | many: %d وردية تجاوزت 16 ساعة وتُحسب كل منها 16 ساعة: على الأرجح نسي أحدهم تسجيل الخروج. | other: %d وردية تجاوزت 16 ساعة وتُحسب كل منها 16 ساعة: على الأرجح نسي أحدهم تسجيل الخروج.,,
proj_started_by_managers,"Under ""no jobs yet"", for somebody who may not start one",Jobs are started by the owner or a manager.,עבודות חדשות נפתחות על ידי הבעלים או מנהל.,يبدأ المالك أو المدير الأعمال الجديدة.,,
summary_inc_placed,,Incident placed on the job %1$s,האירוע שויך לעבודה %1$s,رُبط الحادث بالعمل %1$s,,
inc_where,Above the job chips on a new incident report,Where it happened,איפה זה קרה,أين حدث ذلك,,
inc_no_job,"An incident, or a row of statistics, on no job: in the yard, on the road",Not on a job,לא באף עבודה,ليس في أي عمل,,
inc_place,Button on an incident filed with no job,Which job?,איזו עבודה?,أي عمل؟,,
inc_place_title,Dialog title,Which job did it happen on?,באיזו עבודה זה קרה?,في أي عمل حدث ذلك؟,,
inc_place_hint,,"Once placed, it is counted in that job's weekly report and in the safety statistics. It cannot be moved afterwards.",לאחר השיוך הוא נספר בדוח השבועי של אותה עבודה ובסטטיסטיקת הבטיחות. אי אפשר להעביר אותו אחר כך.,بعد ربطه يُحسب في التقرير الأسبوعي لذلك العمل وفي إحصاءات السلامة. ولا يمكن نقله بعد ذلك.,,
inc_place_refused,"Above the register, when placing a report on a job did not happen","That report already has a job, or is no longer there.","לדיווח הזה כבר יש עבודה, או שהוא כבר לא קיים.",هذا البلاغ مرتبط بعمل بالفعل، أو لم يعد موجودًا.,,
summary_inv_action_closed,,Corrective action %1$s closed,פעולה מתקנת %1$s נסגרה,أُغلق الإجراء التصحيحي %1$s,,
summary_inv_action_raised,,"Corrective action %1$s raised, for %2$s","נפתחה פעולה מתקנת %1$s, באחריות %2$s",فُتح الإجراء التصحيحي %1$s، ومسؤوله %2$s,,
summary_inv_closed,,Investigation closed,החקירה נסגרה,أُغلق التحقيق,,
summary_inv_started,,Investigation started,נפתחה חקירה,بدأ التحقيق,,
summary_inv_updated,,Investigation findings written,ממצאי החקירה נרשמו,سُجّلت نتائج التحقيق,,
iv_title,"Screen title, and the title of the printed investigation",Incident,אירוע,حادث,,
iv_reported,"%1$s is a name, %2$s a date and time","Reported by %1$s, %2$s","דווח על ידי %1$s, %2$s",أبلغ عنه %1$s، %2$s,,
iv_reported_col,Row heading on the printed investigation,Reported,דווח,الإبلاغ,,
iv_evidence,Description of a photograph filed with an incident,Evidence,ראיה,دليل,,
iv_investigation,Section heading,Investigation,חקירה,التحقيق,,
iv_state_needed,State of an incident's investigation,Needs investigating,דורש חקירה,يحتاج إلى تحقيق,,
iv_state_open,State of an incident's investigation,Being investigated,בחקירה,قيد التحقيق,,
iv_state_closed,State of an incident's investigation,Investigated and closed,נחקר ונסגר,حُقّق فيه وأُغلق,,
iv_state_not_started,State of an incident's investigation,Not investigated,לא נחקר,لم يُحقَّق فيه,,
iv_required_hint,,"A serious injury or a death is investigated. When the law requires an investigation, and by whom, is a question for a qualified professional.","פגיעה קשה או מוות נחקרים. מתי החוק מחייב חקירה, ועל ידי מי, היא שאלה לאיש מקצוע מוסמך.",الإصابة الخطيرة أو الوفاة يُحقَّق فيها. متى يوجب القانون التحقيق ومن يجريه سؤالٌ لمختص مؤهل.,,
iv_start,Button,Start the investigation,פתיחת חקירה,بدء التحقيق,,
iv_edit,Button,Write what was found,רישום הממצאים,تسجيل النتائج,,
iv_immediate_cause,Field label,What directly caused it,מה גרם לזה ישירות,ما الذي سبّبه مباشرة,,
iv_immediate_cause_hint,,"What happened at the moment: the board slid, the guard was off.","מה קרה באותו רגע: הקרש החליק, המגן היה מורד.",ما حدث في تلك اللحظة: انزلق اللوح، كان الواقي مُزالًا.,,
iv_causes,"Field label, above the cause chips",What lay behind it,מה עמד מאחורי זה,ما الذي كان وراءه,,
iv_findings,Field label,"What was found, and what other sites should know","מה נמצא, ומה אתרים אחרים צריכים לדעת",ما الذي وُجد، وما يجب أن تعرفه المواقع الأخرى,,
iv_not_written,,Not written yet,עדיין לא נרשם,لم يُكتب بعد,,
iv_started_by,"%1$s is a name, %2$s a date","Started by %1$s, %2$s","נפתחה על ידי %1$s, %2$s",بدأه %1$s، %2$s,,
iv_closed_by,"%1$s is a name, %2$s a date","Closed by %1$s, %2$s","נסגרה על ידי %1$s, %2$s",أغلقه %1$s، %2$s,,
iv_started_col,Row heading on the printed investigation,Investigation started,החקירה נפתחה,بدء التحقيق,,
iv_closed_col,Row heading on the printed investigation,Investigation closed,החקירה נסגרה,إغلاق التحقيق,,
iv_actions,Section heading,Corrective actions,פעולות מתקנות,الإجراءات التصحيحية,,
iv_no_actions,,No actions yet.,אין עדיין פעולות.,لا إجراءات بعد.,,
iv_add_action,Button and dialog title,Add an action,הוספת פעולה,إضافة إجراء,,
iv_action_what,Field label,What is to be done,מה צריך לעשות,ما الذي يجب فعله,,
iv_action_who,Field label,Who does it,מי מבצע,من ينفّذه,,
iv_action_when,Label above the date chips,By when,עד מתי,حتى متى,,
iv_action_line,"%1$d is the action's number, %2$s what is to be done",%1$d. %2$s,%1$d. %2$s,%1$d. %2$s,,
iv_action_owner,,Who: %1$s,מי: %1$s,من: %1$s,,
iv_action_due,%1$s is a date,By %1$s,עד %1$s,حتى %1$s,,
iv_action_overdue,%1$s is a date,Overdue since %1$s,באיחור מאז %1$s,متأخر منذ %1$s,,
iv_action_done,"%1$s a date, %2$s a name, %3$s what was done",Done %1$s by %2$s: %3$s,בוצע %1$s על ידי %2$s: %3$s,نُفّذ %1$s على يد %2$s: %3$s,,
iv_close_action,Button on an action,Close,סגירה,إغلاق,,
iv_close_action_title,%1$d is the action's number,Close action %1$d?,לסגור את פעולה %1$d?,إغلاق الإجراء %1$d؟,,
iv_close,Button,Close the investigation,סגירת החקירה,إغلاق التحقيق,,
iv_close_hint,,"It closes once it says what caused it and what lay behind it, and every action is done.","החקירה נסגרת כשנרשם מה גרם לאירוע ומה עמד מאחוריו, וכל הפעולות בוצעו.",يُغلق التحقيق عندما يُذكر ما سبّب الحادث وما كان وراءه، وتُنفَّذ كل الإجراءات.,,
iv_gone,,"This report is not here, or is not yours to see.","הדיווח הזה אינו כאן, או שאינו מיועד לך.",هذا البلاغ غير موجود، أو ليس مما يحق لك رؤيته.,,
iv_cause_way_of_working,A cause behind an incident,The way the work was done,שיטת העבודה,طريقة تنفيذ العمل,,
iv_cause_equipment,A cause behind an incident,"A tool or machine, or its condition","כלי או מכונה, או מצבם",أداة أو آلة، أو حالتها,,
iv_cause_site_conditions,A cause behind an incident,"Site conditions: ground, weather, order, light","תנאי האתר: קרקע, מזג אוויר, סדר, תאורה",ظروف الموقع: الأرض، الطقس، الترتيب، الإضاءة,,
iv_cause_protective_equipment,A cause behind an incident,Protective equipment missing or not worn,ציוד מגן חסר או לא נלבש,معدات وقاية ناقصة أو غير مرتداة,,
iv_cause_supervision,A cause behind an incident,Supervision,פיקוח,الإشراف,,
iv_cause_training,A cause behind an incident,Training or experience,הדרכה או ניסיון,التدريب أو الخبرة,,
iv_cause_planning,A cause behind an incident,Planning or design,תכנון,التخطيط أو التصميم,,
iv_cause_communication,A cause behind an incident,Communication,תקשורת,التواصل,,
iv_cause_other,A cause behind an incident,Something else,משהו אחר,أمر آخر,,
iv_refused_not_allowed,,Your role cannot change the site's record.,התפקיד שלך אינו יכול לשנות את רישומי האתר.,لا يمكن لدورك تغيير سجل الموقع.,,
iv_refused_not_started,,Start the investigation first.,יש לפתוח קודם את החקירה.,ابدأ التحقيق أولًا.,,
iv_refused_immediate_cause,,Say what directly caused it first.,יש לרשום קודם מה גרם לזה ישירות.,اذكر أولًا ما الذي سبّبه مباشرة.,,
iv_refused_no_cause,,Choose at least one thing that lay behind it.,יש לבחור לפחות דבר אחד שעמד מאחורי זה.,اختر أمرًا واحدًا على الأقل كان وراءه.,,
iv_refused_actions_open,,Every action has to be done before it closes.,כל הפעולות צריכות להתבצע לפני הסגירה.,يجب تنفيذ كل الإجراءات قبل الإغلاق.,,
iv_refused_closed,,The investigation is closed.,החקירה סגורה.,التحقيق مغلق.,,
iv_refused_blank_action,,Say what is to be done.,יש לרשום מה צריך לעשות.,اذكر ما الذي يجب فعله.,,
iv_refused_due,,An action cannot be due before the incident happened.,פעולה לא יכולה להיות מתוזמנת לפני שהאירוע קרה.,لا يمكن أن يكون موعد الإجراء قبل وقوع الحادث.,,
iv_refused_note,,Say what was done.,יש לרשום מה נעשה.,اذكر ما الذي تم.,,
iv_refused_action_closed,,That action is already closed.,הפעולה הזו כבר סגורה.,هذا الإجراء مغلق بالفعل.,,
iv_refused_unknown,,That could not be saved. Try again.,לא ניתן היה לשמור. נסו שוב.,تعذّر الحفظ. حاول مرة أخرى.,,
at_investigations,"A line on a job's list of what needs attention, followed by a count",Serious incidents not investigated,פגיעות קשות שחקירתן לא הושלמה,إصابات خطيرة لم يُستكمل التحقيق فيها,,
at_incident_actions,"A line on a job's list of what needs attention, followed by a count",Incident actions overdue,פעולות מתקנות באיחור,إجراءات تصحيحية متأخرة,,
